Satara,Koregaon,Wheat,Other,FAQ,2100,2200,2150,02-Mar-19
Satara,Koregaon,Wheat,Other,FAQ,1600,1900,1700,27-Jun-16
Satara,Koregaon,Wheat,Other,FAQ,1600,1800,1700,21-Jun-16
Satara,Koregaon,Wheat,Other,FAQ,1700,1900,1800,22-Mar-16
Satara,Koregaon,Wheat,Other,FAQ,1900,2000,1950,17-Nov-15
Satara,Koregaon,Wheat,Other,FAQ,1750,1800,1775,02-Nov-15
Satara,Koregaon,Wheat,Other,FAQ,1600,1900,1800,29-Sep-15
Satara,Koregaon,Wheat,Other,FAQ,1600,1700,1600,13-Jul-15
Satara,Koregaon,Wheat,Other,FAQ,1650,1900,1700,11-Jul-15
Satara,Koregaon,Wheat,Other,FAQ,1600,2000,1600,09-Jul-15
Satara,Koregaon,Wheat,Other,FAQ,1600,1800,1600,04-Jul-15
Satara,Koregaon,Wheat,Other,FAQ,1600,1900,1750,27-Jun-15
Satara,Koregaon,Wheat,Other,FAQ,1500,1700,1600,22-Jun-15
Satara,Koregaon,Wheat,Other,FAQ,1700,2000,1850,18-Jun-15
Satara,Koregaon,Wheat,Other,FAQ,1600,1900,1750,06-Jun-15
Satara,Koregaon,Wheat,Other,FAQ,1500,1700,1600,30-May-15
Satara,Koregaon,Wheat,Other,FAQ,1600,2000,1800,21-May-15
Satara,Koregaon,Wheat,Other,FAQ,1600,1900,1750,07-May-15
Satara,Koregaon,Wheat,Other,FAQ,1600,2000,1800,28-Apr-15
Satara,Koregaon,Wheat,Other,FAQ,1600,1900,1750,24-Apr-15
Satara,Koregaon,Wheat,Other,FAQ,1600,2000,1800,20-Apr-15
Satara,Koregaon,Wheat,Other,FAQ,1600,1800,1700,16-Apr-15
Satara,Koregaon,Wheat,Other,FAQ,1700,1900,1800,13-Apr-15
Satara,Koregaon,Wheat,Other,FAQ,1600,1800,1700,06-Apr-15
Satara,Koregaon,Wheat,Other,FAQ,1700,1900,1800,24-Mar-15
Satara,Koregaon,Wheat,Other,FAQ,1700,1800,1750,02-Mar-15
Satara,Koregaon,Wheat,Other,FAQ,1700,1700,1700,20-Oct-14
Satara,Koregaon,Wheat,Other,FAQ,1700,1800,1750,18-Oct-14
Satara,Koregaon,Wheat,Other,FAQ,1600,1800,1700,14-Oct-14
Satara,Koregaon,Wheat,Other,FAQ,1950,2100,2025,12-May-14
Satara,Koregaon,Wheat,Other,FAQ,1900,2100,2000,10-May-14
Satara,Koregaon,Wheat,Other,FAQ,1400,1500,1450,05-Jul-13
Satara,Koregaon,Wheat,Other,FAQ,1400,1600,1500,26-Jun-13
Satara,Koregaon,Wheat,Other,FAQ,1400,1700,1550,18-Jun-13
Satara,Koregaon,Wheat,Other,FAQ,1800,1900,1850,13-Jun-13
Satara,Koregaon,Wheat,Other,FAQ,1600,1600,1600,29-Dec-12
Satara,Koregaon,Wheat,Other,FAQ,1600,1700,1650,29-Nov-12
Satara,Koregaon,Wheat,Other,FAQ,1400,1500,1450,23-Aug-12
Satara,Koregaon,Wheat,Other,FAQ,1300,1700,1500,02-Jul-12
Satara,Koregaon,Wheat,Other,FAQ,1400,1500,1450,09-Apr-12
Satara,Koregaon,Wheat,Other,FAQ,1600,1710,1655,26-Mar-12
Satara,Koregaon,Wheat,Other,FAQ,1200,1350,1275,11-Mar-11
Satara,Koregaon,Wheat,Other,FAQ,1300,1400,1350,29-Jan-11
Satara,Lonand,Wheat,Maharashtra 2189,FAQ,1900,2400,2150,18-Jun-20
Satara,Lonand,Wheat,Maharashtra 2189,FAQ,1900,2500,2200,11-Jun-20
Satara,Lonand,Wheat,Maharashtra 2189,FAQ,1750,2050,1900,12-Mar-20
Satara,Lonand,Wheat,Maharashtra 2189,FAQ,1860,2300,2080,05-Mar-20
Satara,Lonand,Wheat,Maharashtra 2189,FAQ,1800,2310,2000,27-Feb-20
Satara,Lonand,Wheat,Maharashtra 2189,FAQ,1950,2300,2125,20-Feb-20
Satara,Lonand,Wheat,Maharashtra 2189,FAQ,1900,2610,2255,06-Feb-20
Satara,Lonand,Wheat,Maharashtra 2189,FAQ,2000,2700,2350,30-Jan-20
Satara,Lonand,Wheat,Maharashtra 2189,FAQ,1900,2610,2250,23-Jan-20
Satara,Lonand,Wheat,Maharashtra 2189,FAQ,2500,2650,2575,16-Jan-20
Satara,Lonand,Wheat,Maharashtra 2189,FAQ,2100,2500,2300,09-Jan-20
Satara,Lonand,Wheat,Maharashtra 2189,FAQ,2000,2500,2250,02-Jan-20
Satara,Lonand,Wheat,Maharashtra 2189,FAQ,1750,2400,2100,26-Dec-19
Satara,Lonand,Wheat,Maharashtra 2189,FAQ,1800,2300,2100,19-Dec-19
Satara,Lonand,Wheat,Maharashtra 2189,FAQ,1750,2600,2200,12-Dec-19
Satara,Lonand,Wheat,Other,FAQ,1900,2125,2000,28-Nov-19
Satara,Lonand,Wheat,Maharashtra 2189,FAQ,1750,2200,1975,21-Nov-19
Satara,Lonand,Wheat,Maharashtra 2189,FAQ,1900,2820,2360,14-Nov-19
Satara,Lonand,Wheat,Maharashtra 2189,FAQ,1950,2350,2100,07-Nov-19
Satara,Lonand,Wheat,Maharashtra 2189,FAQ,2000,2150,2050,31-Oct-19
Satara,Lonand,Wheat,Maharashtra 2189,FAQ,1800,2100,2000,25-Oct-19
Satara,Lonand,Wheat,Maharashtra 2189,FAQ,1800,2600,2400,17-Oct-19
Satara,Lonand,Wheat,Maharashtra 2189,FAQ,1850,2300,2100,10-Oct-19
Satara,Lonand,Wheat,Maharashtra 2189,FAQ,1800,2300,2100,03-Oct-19
Satara,Lonand,Wheat,Maharashtra 2189,FAQ,1800,2300,2000,26-Sep-19
Satara,Lonand,Wheat,Maharashtra 2189,FAQ,1800,2200,2000,19-Sep-19
Satara,Lonand,Wheat,Maharashtra 2189,FAQ,1900,2300,2100,12-Sep-19
Satara,Lonand,Wheat,Maharashtra 2189,FAQ,1750,2300,2000,05-Sep-19
Satara,Lonand,Wheat,Other,FAQ,1900,2300,2200,29-Aug-19
Satara,Lonand,Wheat,Maharashtra 2189,FAQ,1800,2200,2000,22-Aug-19
Satara,Lonand,Wheat,Maharashtra 2189,FAQ,1850,1905,1900,15-Aug-19
Satara,Lonand,Wheat,Maharashtra 2189,FAQ,1800,2200,2000,08-Aug-19
Satara,Lonand,Wheat,Maharashtra 2189,FAQ,1800,2100,2000,01-Aug-19
Satara,Lonand,Wheat,Maharashtra 2189,FAQ,1850,2400,2000,25-Jul-19
Satara,Lonand,Wheat,Maharashtra 2189,FAQ,1900,2320,2000,18-Jul-19
Satara,Lonand,Wheat,Maharashtra 2189,FAQ,1800,2250,2000,11-Jul-19
Satara,Lonand,Wheat,Maharashtra 2189,FAQ,1800,2400,2150,04-Jul-19
Satara,Lonand,Wheat,Maharashtra 2189,FAQ,1900,2460,2200,27-Jun-19
Satara,Lonand,Wheat,Maharashtra 2189,FAQ,1900,2450,2100,20-Jun-19
Satara,Lonand,Wheat,Maharashtra 2189,FAQ,1800,2300,2100,13-Jun-19
Satara,Lonand,Wheat,Maharashtra 2189,FAQ,1800,2225,2000,06-Jun-19
Satara,Lonand,Wheat,Maharashtra 2189,FAQ,1800,2400,2200,30-May-19
Satara,Lonand,Wheat,Maharashtra 2189,FAQ,2060,2060,2060,23-May-19
Satara,Lonand,Wheat,Maharashtra 2189,FAQ,1800,2390,2000,09-May-19
Satara,Lonand,Wheat,Maharashtra 2189,FAQ,1850,2500,2000,02-May-19
Satara,Lonand,Wheat,Other,FAQ,1850,2500,2200,25-Apr-19
Satara,Lonand,Wheat,Maharashtra 2189,FAQ,1850,2500,2200,18-Apr-19
Satara,Lonand,Wheat,Maharashtra 2189,FAQ,1800,2450,2200,11-Apr-19
Satara,Lonand,Wheat,Maharashtra 2189,FAQ,1800,2300,2100,04-Apr-19
Satara,Lonand,Wheat,Maharashtra 2189,FAQ,1800,2300,2000,28-Mar-19
Satara,Lonand,Wheat,Maharashtra 2189,FAQ,1900,2200,2050,21-Mar-19
Satara,Lonand,Wheat,Maharashtra 2189,FAQ,1800,2200,2000,14-Mar-19
Satara,Lonand,Wheat,Maharashtra 2189,FAQ,1800,2200,2000,07-Mar-19
Satara,Lonand,Wheat,Maharashtra 2189,FAQ,1850,2250,2050,28-Feb-19
Satara,Lonand,Wheat,Maharashtra 2189,FAQ,1900,2500,2200,21-Feb-19
Satara,Lonand,Wheat,Maharashtra 2189,FAQ,1800,2400,2000,14-Feb-19
Satara,Lonand,Wheat,Other,FAQ,2000,2500,2300,07-Feb-19
Satara,Lonand,Wheat,Maharashtra 2189,FAQ,1800,2500,2000,24-Jan-19
Satara,Lonand,Wheat,Maharashtra 2189,FAQ,1850,2300,2000,17-Jan-19
Satara,Lonand,Wheat,Maharashtra 2189,FAQ,1750,2225,2000,27-Dec-18
Satara,Lonand,Wheat,Maharashtra 2189,FAQ,1750,2200,2000,20-Dec-18
Satara,Lonand,Wheat,Maharashtra 2189,FAQ,1750,2300,2000,13-Dec-18
Satara,Lonand,Wheat,Maharashtra 2189,FAQ,1800,2300,2000,06-Dec-18
Satara,Lonand,Wheat,Maharashtra 2189,FAQ,1900,2300,2150,30-Nov-18
Satara,Lonand,Wheat,Maharashtra 2189,FAQ,1740,2400,2100,22-Nov-18
Satara,Lonand,Wheat,Maharashtra 2189,FAQ,1950,2600,2300,15-Nov-18
Satara,Lonand,Wheat,Maharashtra 2189,FAQ,1800,2300,2000,01-Nov-18
Satara,Lonand,Wheat,Maharashtra 2189,FAQ,1750,2200,1950,25-Oct-18
Satara,Lonand,Wheat,Maharashtra 2189,FAQ,1750,1850,1800,18-Oct-18
Satara,Lonand,Wheat,Maharashtra 2189,FAQ,1750,2100,1900,11-Oct-18
Satara,Lonand,Wheat,Other,FAQ,1800,2010,1900,04-Oct-18
Satara,Lonand,Wheat,Other,FAQ,1900,1910,1905,27-Sep-18
Satara,Lonand,Wheat,Other,FAQ,1750,1920,1800,20-Sep-18
Satara,Lonand,Wheat,Maharashtra 2189,FAQ,1750,2000,1900,13-Sep-18
Satara,Lonand,Wheat,Other,FAQ,1900,1965,1930,06-Sep-18
Satara,Lonand,Wheat,Other,FAQ,1800,1950,1900,30-Aug-18
Satara,Lonand,Wheat,Maharashtra 2189,FAQ,1750,2000,1900,23-Aug-18
Satara,Lonand,Wheat,Other,FAQ,1750,2000,1900,16-Aug-18
Satara,Lonand,Wheat,Maharashtra 2189,FAQ,1800,1950,1900,09-Aug-18
Satara,Lonand,Wheat,Maharashtra 2189,FAQ,1750,2000,1900,02-Aug-18
Satara,Lonand,Wheat,Maharashtra 2189,FAQ,1750,2000,1900,26-Jul-18
Satara,Lonand,Wheat,Other,FAQ,1750,2250,1950,19-Jul-18
Satara,Lonand,Wheat,Other,FAQ,1750,1950,1850,12-Jul-18
Satara,Lonand,Wheat,Other,FAQ,1750,1950,1850,05-Jul-18
Satara,Lonand,Wheat,Maharashtra 2189,FAQ,1750,1900,1850,28-Jun-18
Satara,Lonand,Wheat,Other,FAQ,1750,1900,1800,22-Jun-18
Satara,Lonand,Wheat,Maharashtra 2189,FAQ,1750,2000,1900,14-Jun-18
Satara,Lonand,Wheat,Maharashtra 2189,FAQ,1750,2000,1850,07-Jun-18
Satara,Lonand,Wheat,Maharashtra 2189,FAQ,1750,1900,1800,31-May-18
Satara,Lonand,Wheat,Maharashtra 2189,FAQ,1750,2200,1900,24-May-18
Satara,Lonand,Wheat,Maharashtra 2189,FAQ,1750,2300,2000,17-May-18
Satara,Lonand,Wheat,Maharashtra 2189,FAQ,1750,2325,2050,10-May-18
Satara,Lonand,Wheat,Maharashtra 2189,FAQ,1750,2250,2000,03-May-18
Satara,Lonand,Wheat,Maharashtra 2189,FAQ,1740,2000,1850,26-Apr-18
Satara,Lonand,Wheat,Maharashtra 2189,FAQ,1750,2050,1950,19-Apr-18
Satara,Lonand,Wheat,Maharashtra 2189,FAQ,1750,2000,1900,12-Apr-18
Satara,Lonand,Wheat,Maharashtra 2189,FAQ,1750,2000,1850,05-Apr-18
Satara,Lonand,Wheat,Maharashtra 2189,FAQ,1750,2400,1900,29-Mar-18
Satara,Lonand,Wheat,Maharashtra 2189,FAQ,1750,2000,1800,22-Mar-18
Satara,Lonand,Wheat,Maharashtra 2189,FAQ,1750,2025,1900,15-Mar-18
Satara,Lonand,Wheat,Maharashtra 2189,FAQ,1750,1850,1800,08-Mar-18
Satara,Lonand,Wheat,Other,FAQ,1750,1900,1800,01-Mar-18
Satara,Lonand,Wheat,Maharashtra 2189,FAQ,1750,1900,1800,22-Feb-18
Satara,Lonand,Wheat,Maharashtra 2189,FAQ,1740,1850,1775,15-Feb-18
Satara,Lonand,Wheat,Other,FAQ,1740,1800,1775,08-Feb-18
Satara,Lonand,Wheat,Maharashtra 2189,FAQ,1750,1800,1775,01-Feb-18
Satara,Lonand,Wheat,Maharashtra 2189,FAQ,1750,1950,1850,25-Jan-18
Satara,Lonand,Wheat,Maharashtra 2189,FAQ,1750,1900,1825,18-Jan-18
Satara,Lonand,Wheat,Maharashtra 2189,FAQ,1750,1925,1800,11-Jan-18
Satara,Lonand,Wheat,Maharashtra 2189,FAQ,1740,1880,1800,04-Jan-18
Satara,Lonand,Wheat,Maharashtra 2189,FAQ,1750,1825,1775,28-Dec-17
Satara,Lonand,Wheat,Maharashtra 2189,FAQ,1740,1775,1750,21-Dec-17
Satara,Lonand,Wheat,Maharashtra 2189,FAQ,1735,1785,1750,14-Dec-17
Satara,Lonand,Wheat,Maharashtra 2189,FAQ,1750,1850,1800,07-Dec-17
Satara,Lonand,Wheat,Maharashtra 2189,FAQ,1740,1825,1800,30-Nov-17
Satara,Lonand,Wheat,Maharashtra 2189,FAQ,1740,1800,1750,23-Nov-17
Satara,Lonand,Wheat,Maharashtra 2189,FAQ,1750,1850,1800,16-Nov-17
Satara,Lonand,Wheat,Maharashtra 2189,FAQ,1750,1850,1800,09-Nov-17
Satara,Lonand,Wheat,Maharashtra 2189,FAQ,1600,1800,1700,05-Oct-17
Satara,Lonand,Wheat,Maharashtra 2189,FAQ,1600,1700,1650,21-Sep-17
Satara,Lonand,Wheat,Maharashtra 2189,FAQ,1600,1800,1700,14-Sep-17
Satara,Lonand,Wheat,Maharashtra 2189,FAQ,1600,1800,1700,07-Sep-17
Satara,Lonand,Wheat,Maharashtra 2189,FAQ,1650,1850,1750,31-Aug-17
Satara,Lonand,Wheat,Maharashtra 2189,FAQ,1600,1800,1700,24-Aug-17
Satara,Lonand,Wheat,Maharashtra 2189,FAQ,1600,1800,1700,17-Aug-17
Satara,Lonand,Wheat,Maharashtra 2189,FAQ,1600,1900,1800,10-Aug-17
Satara,Lonand,Wheat,Maharashtra 2189,FAQ,1650,1875,1700,03-Aug-17
Satara,Lonand,Wheat,Maharashtra 2189,FAQ,1600,1850,1700,27-Jul-17
Satara,Lonand,Wheat,Maharashtra 2189,FAQ,1550,1650,1600,20-Jul-17
Satara,Lonand,Wheat,Maharashtra 2189,FAQ,1600,1700,1650,13-Jul-17
Satara,Lonand,Wheat,Maharashtra 2189,FAQ,1500,1800,1700,06-Jul-17
Satara,Lonand,Wheat,Maharashtra 2189,FAQ,1600,1750,1650,29-Jun-17
Satara,Lonand,Wheat,Maharashtra 2189,FAQ,1650,2025,1850,22-Jun-17
Satara,Lonand,Wheat,Maharashtra 2189,FAQ,1650,2025,1900,15-Jun-17
Satara,Lonand,Wheat,Maharashtra 2189,FAQ,1580,1700,1600,08-Jun-17
Satara,Lonand,Wheat,Maharashtra 2189,FAQ,1600,1751,1650,01-Jun-17
Satara,Lonand,Wheat,Maharashtra 2189,FAQ,1600,1900,1750,25-May-17
Satara,Lonand,Wheat,Maharashtra 2189,FAQ,1600,1900,1800,18-May-17
Satara,Lonand,Wheat,Maharashtra 2189,FAQ,1700,2075,1900,11-May-17
Satara,Lonand,Wheat,Maharashtra 2189,FAQ,1700,2050,1900,04-May-17
Satara,Lonand,Wheat,Maharashtra 2189,FAQ,1600,2100,1900,27-Apr-17
Satara,Lonand,Wheat,Maharashtra 2189,FAQ,1700,2200,1950,20-Apr-17
Satara,Lonand,Wheat,Maharashtra 2189,FAQ,1700,2050,1850,13-Apr-17
Satara,Lonand,Wheat,Maharashtra 2189,FAQ,1650,2400,1950,06-Apr-17
Satara,Lonand,Wheat,Maharashtra 2189,FAQ,1700,2500,2000,30-Mar-17
Satara,Lonand,Wheat,Maharashtra 2189,FAQ,1650,2000,1800,23-Mar-17
Satara,Lonand,Wheat,Maharashtra 2189,FAQ,1600,2200,1900,16-Mar-17
Satara,Lonand,Wheat,Maharashtra 2189,FAQ,1700,2500,2000,09-Mar-17
Satara,Lonand,Wheat,Maharashtra 2189,FAQ,1600,2270,1900,02-Mar-17
Satara,Lonand,Wheat,Maharashtra 2189,FAQ,1650,2310,1900,16-Feb-17
Satara,Lonand,Wheat,Maharashtra 2189,FAQ,1600,2000,1800,02-Feb-17
Satara,Lonand,Wheat,Maharashtra 2189,FAQ,1700,2400,1900,26-Jan-17
Satara,Lonand,Wheat,Maharashtra 2189,FAQ,1600,1930,1800,19-Jan-17
Satara,Lonand,Wheat,Maharashtra 2189,FAQ,1600,2300,1950,12-Jan-17
Satara,Lonand,Wheat,Maharashtra 2189,FAQ,1650,2200,1900,05-Jan-17
Satara,Lonand,Wheat,Maharashtra 2189,FAQ,1700,2300,2000,29-Dec-16
Satara,Lonand,Wheat,Maharashtra 2189,FAQ,1700,2200,1900,22-Dec-16
Satara,Lonand,Wheat,Maharashtra 2189,FAQ,1850,2200,2000,15-Dec-16
Satara,Lonand,Wheat,Maharashtra 2189,FAQ,1850,2210,2000,08-Dec-16
Satara,Lonand,Wheat,Maharashtra 2189,FAQ,1500,2100,1900,01-Dec-16
Satara,Lonand,Wheat,Maharashtra 2189,FAQ,1650,2200,2000,24-Nov-16
Satara,Lonand,Wheat,Maharashtra 2189,FAQ,1700,2250,1900,17-Nov-16
Satara,Lonand,Wheat,Maharashtra 2189,FAQ,1700,2200,1950,10-Nov-16
Satara,Lonand,Wheat,Maharashtra 2189,FAQ,1600,2100,1900,04-Nov-16
Satara,Lonand,Wheat,Maharashtra 2189,FAQ,1500,1750,1650,27-Oct-16
Satara,Lonand,Wheat,Maharashtra 2189,FAQ,1500,2200,2000,20-Oct-16
Satara,Lonand,Wheat,Maharashtra 2189,FAQ,1700,2300,2000,13-Oct-16
Satara,Lonand,Wheat,Maharashtra 2189,FAQ,1450,1950,1700,06-Oct-16
Satara,Lonand,Wheat,Maharashtra 2189,FAQ,1700,2100,1900,29-Sep-16
Satara,Lonand,Wheat,Maharashtra 2189,FAQ,1500,1750,1600,22-Sep-16
Satara,Lonand,Wheat,Maharashtra 2189,FAQ,1700,2000,1900,08-Sep-16
Satara,Lonand,Wheat,Maharashtra 2189,FAQ,1575,1800,1650,01-Sep-16
Satara,Lonand,Wheat,Maharashtra 2189,FAQ,1500,1800,1700,25-Aug-16
Satara,Lonand,Wheat,Maharashtra 2189,FAQ,1650,1950,1850,18-Aug-16
Satara,Lonand,Wheat,Maharashtra 2189,FAQ,1600,1825,1700,11-Aug-16
Satara,Lonand,Wheat,Maharashtra 2189,FAQ,1550,2100,1900,04-Aug-16
Satara,Lonand,Wheat,Maharashtra 2189,FAQ,1600,1900,1750,28-Jul-16
Satara,Lonand,Wheat,Maharashtra 2189,FAQ,1500,2050,1700,21-Jul-16
Satara,Lonand,Wheat,Maharashtra 2189,FAQ,1600,2000,1900,07-Jul-16
Satara,Lonand,Wheat,Maharashtra 2189,FAQ,1500,2200,1850,30-Jun-16
Satara,Lonand,Wheat,Maharashtra 2189,FAQ,1500,2200,1800,23-Jun-16
Satara,Lonand,Wheat,Maharashtra 2189,FAQ,1450,2200,1800,16-Jun-16
Satara,Lonand,Wheat,Maharashtra 2189,FAQ,1500,1900,1750,09-Jun-16
Satara,Lonand,Wheat,Maharashtra 2189,FAQ,1700,2000,1850,02-Jun-16
Satara,Lonand,Wheat,Maharashtra 2189,FAQ,1450,2000,1700,26-May-16
Satara,Lonand,Wheat,Maharashtra 2189,FAQ,1500,2200,1900,19-May-16
Satara,Lonand,Wheat,Maharashtra 2189,FAQ,1400,2300,1800,12-May-16
Satara,Lonand,Wheat,Maharashtra 2189,FAQ,1550,2300,1900,05-May-16
Satara,Lonand,Wheat,Maharashtra 2189,FAQ,1550,2300,1900,28-Apr-16
Satara,Lonand,Wheat,Maharashtra 2189,FAQ,1500,2325,1950,21-Apr-16
Satara,Lonand,Wheat,Maharashtra 2189,FAQ,1600,2500,2000,14-Apr-16
Satara,Lonand,Wheat,Maharashtra 2189,FAQ,1500,2300,1900,07-Apr-16
Satara,Lonand,Wheat,Maharashtra 2189,FAQ,1500,2500,2000,31-Mar-16
Satara,Lonand,Wheat,Maharashtra 2189,FAQ,1500,2500,1900,17-Mar-16
Satara,Lonand,Wheat,Maharashtra 2189,FAQ,1500,2500,2000,10-Mar-16
Satara,Lonand,Wheat,Maharashtra 2189,FAQ,1400,2000,1800,03-Mar-16
Satara,Lonand,Wheat,Maharashtra 2189,FAQ,1600,2000,1850,25-Feb-16
Satara,Lonand,Wheat,Maharashtra 2189,FAQ,1500,2000,1850,18-Feb-16
Satara,Lonand,Wheat,Maharashtra 2189,FAQ,1550,1900,1750,11-Feb-16
Satara,Lonand,Wheat,Maharashtra 2189,FAQ,1500,1900,1750,04-Feb-16
Satara,Lonand,Wheat,Maharashtra 2189,FAQ,1500,2230,1950,28-Jan-16
Satara,Lonand,Wheat,Maharashtra 2189,FAQ,1500,2100,1850,21-Jan-16
Satara,Lonand,Wheat,Maharashtra 2189,FAQ,1500,2025,1800,14-Jan-16
Satara,Lonand,Wheat,Maharashtra 2189,FAQ,1500,2100,1900,07-Jan-16
Satara,Lonand,Wheat,Maharashtra 2189,FAQ,1450,1900,1800,31-Dec-15
Satara,Lonand,Wheat,Maharashtra 2189,FAQ,1500,1900,1750,24-Dec-15
Satara,Lonand,Wheat,Maharashtra 2189,FAQ,1600,2200,1900,17-Dec-15
Satara,Lonand,Wheat,Maharashtra 2189,FAQ,1550,1800,1700,10-Dec-15
Satara,Lonand,Wheat,Maharashtra 2189,FAQ,1550,1825,1700,03-Dec-15
Satara,Lonand,Wheat,Maharashtra 2189,FAQ,1505,2200,1800,26-Nov-15
Satara,Lonand,Wheat,Maharashtra 2189,FAQ,1550,2500,1900,19-Nov-15
Satara,Lonand,Wheat,Maharashtra 2189,FAQ,1450,2100,1700,05-Nov-15
Satara,Lonand,Wheat,Maharashtra 2189,FAQ,1500,1800,1700,22-Oct-15
Satara,Lonand,Wheat,Maharashtra 2189,FAQ,1500,2125,1850,15-Oct-15
Satara,Lonand,Wheat,Maharashtra 2189,FAQ,1450,2210,1700,08-Oct-15
Satara,Lonand,Wheat,Maharashtra 2189,FAQ,1550,1852,1700,01-Oct-15
Satara,Lonand,Wheat,Maharashtra 2189,FAQ,1500,1775,1600,24-Sep-15
Satara,Lonand,Wheat,Maharashtra 2189,FAQ,1500,1700,1600,17-Sep-15
Satara,Lonand,Wheat,Maharashtra 2189,FAQ,1500,1875,1700,10-Sep-15
Satara,Lonand,Wheat,Maharashtra 2189,FAQ,1500,1850,1700,03-Sep-15
Satara,Lonand,Wheat,Maharashtra 2189,FAQ,1500,2075,1850,27-Aug-15
Satara,Lonand,Wheat,Maharashtra 2189,FAQ,1500,1750,1650,20-Aug-15
Satara,Lonand,Wheat,Maharashtra 2189,FAQ,1450,2000,1800,13-Aug-15
Satara,Lonand,Wheat,Maharashtra 2189,FAQ,1450,1800,1600,06-Aug-15
Satara,Lonand,Wheat,Maharashtra 2189,FAQ,1600,1801,1700,30-Jul-15
Satara,Lonand,Wheat,Maharashtra 2189,FAQ,1575,2000,1800,23-Jul-15
Satara,Lonand,Wheat,Maharashtra 2189,FAQ,1450,1850,1750,09-Jul-15
Satara,Lonand,Wheat,Maharashtra 2189,FAQ,1450,1750,1600,02-Jul-15
Satara,Lonand,Wheat,Maharashtra 2189,FAQ,1450,1551,1500,25-Jun-15
Satara,Lonand,Wheat,Maharashtra 2189,FAQ,1500,2100,1800,18-Jun-15
Satara,Lonand,Wheat,Maharashtra 2189,FAQ,1450,1900,1700,11-Jun-15
Satara,Lonand,Wheat,Maharashtra 2189,FAQ,1450,1900,1700,04-Jun-15
Satara,Lonand,Wheat,Maharashtra 2189,FAQ,1450,1800,1650,28-May-15
Satara,Lonand,Wheat,Maharashtra 2189,FAQ,1450,2010,1800,21-May-15
Satara,Lonand,Wheat,Maharashtra 2189,FAQ,1450,1820,1650,14-May-15
Satara,Lonand,Wheat,Maharashtra 2189,FAQ,1450,2200,1800,07-May-15
Satara,Lonand,Wheat,Maharashtra 2189,FAQ,1450,2051,1750,23-Apr-15
Satara,Lonand,Wheat,Maharashtra 2189,FAQ,1450,2200,1900,16-Apr-15
Satara,Lonand,Wheat,Maharashtra 2189,FAQ,1450,2300,1800,09-Apr-15
Satara,Lonand,Wheat,Maharashtra 2189,FAQ,1450,2400,2000,02-Apr-15
Satara,Lonand,Wheat,Maharashtra 2189,FAQ,1450,2500,1900,26-Mar-15
Satara,Lonand,Wheat,Maharashtra 2189,FAQ,1450,2300,1900,19-Mar-15
Satara,Lonand,Wheat,Maharashtra 2189,FAQ,1450,2200,1800,12-Mar-15
Satara,Lonand,Wheat,Maharashtra 2189,FAQ,1500,2025,1700,05-Mar-15
Satara,Lonand,Wheat,Maharashtra 2189,FAQ,1450,1700,1600,26-Feb-15
Satara,Lonand,Wheat,Maharashtra 2189,FAQ,1450,2021,1800,12-Feb-15
Satara,Lonand,Wheat,Maharashtra 2189,FAQ,1500,2000,1750,05-Feb-15
Satara,Lonand,Wheat,Maharashtra 2189,FAQ,1450,1920,1700,29-Jan-15
Satara,Lonand,Wheat,Maharashtra 2189,FAQ,1500,2151,1800,22-Jan-15
Satara,Lonand,Wheat,Maharashtra 2189,FAQ,1450,1600,1550,15-Jan-15
Satara,Lonand,Wheat,Maharashtra 2189,FAQ,1450,1600,1550,15-Jan-15
Satara,Lonand,Wheat,Maharashtra 2189,FAQ,1500,1810,1650,08-Jan-15
Satara,Lonand,Wheat,Maharashtra 2189,FAQ,1450,1701,1600,01-Jan-15
Satara,Lonand,Wheat,Maharashtra 2189,FAQ,1450,1950,1700,25-Dec-14
Satara,Lonand,Wheat,Maharashtra 2189,FAQ,1450,1800,1650,18-Dec-14
Satara,Lonand,Wheat,Maharashtra 2189,FAQ,1450,1800,1650,11-Dec-14
Satara,Lonand,Wheat,Maharashtra 2189,FAQ,1500,2000,1750,04-Dec-14
Satara,Lonand,Wheat,Maharashtra 2189,FAQ,1450,1905,1700,27-Nov-14
Satara,Lonand,Wheat,Maharashtra 2189,FAQ,1450,1700,1600,20-Nov-14
Satara,Lonand,Wheat,Maharashtra 2189,FAQ,1450,2100,1900,13-Nov-14
Satara,Lonand,Wheat,Maharashtra 2189,FAQ,1400,1900,1750,30-Oct-14
Satara,Lonand,Wheat,Maharashtra 2189,FAQ,1400,1900,1750,16-Oct-14
Satara,Lonand,Wheat,Maharashtra 2189,FAQ,1400,1600,1550,09-Oct-14
Satara,Lonand,Wheat,Maharashtra 2189,FAQ,1400,1800,1650,02-Oct-14
Satara,Lonand,Wheat,Maharashtra 2189,FAQ,1400,1651,1550,25-Sep-14
Satara,Lonand,Wheat,Maharashtra 2189,FAQ,1400,1900,1650,18-Sep-14
Satara,Lonand,Wheat,Maharashtra 2189,FAQ,1400,1800,1600,11-Sep-14
Satara,Lonand,Wheat,Maharashtra 2189,FAQ,1400,2000,1800,04-Sep-14
Satara,Lonand,Wheat,Maharashtra 2189,FAQ,1400,1600,1500,21-Aug-14
Satara,Lonand,Wheat,Maharashtra 2189,FAQ,1300,1700,1400,14-Aug-14
Satara,Lonand,Wheat,Maharashtra 2189,FAQ,1500,2100,1800,07-Aug-14
Satara,Lonand,Wheat,Maharashtra 2189,FAQ,1660,1660,1660,31-Jul-14
Satara,Lonand,Wheat,Maharashtra 2189,FAQ,1400,1600,1500,24-Jul-14
Satara,Lonand,Wheat,Maharashtra 2189,FAQ,1500,2000,1700,17-Jul-14
Satara,Lonand,Wheat,Maharashtra 2189,FAQ,1400,1500,1450,10-Jul-14
Satara,Lonand,Wheat,Maharashtra 2189,FAQ,1400,2250,1900,03-Jul-14
Satara,Lonand,Wheat,Maharashtra 2189,FAQ,1500,2050,1800,26-Jun-14
Satara,Lonand,Wheat,Maharashtra 2189,FAQ,1400,1900,1700,19-Jun-14
Satara,Lonand,Wheat,Maharashtra 2189,FAQ,1500,2325,1900,12-Jun-14
Satara,Lonand,Wheat,Maharashtra 2189,FAQ,1600,1851,1700,05-Jun-14
Satara,Lonand,Wheat,Maharashtra 2189,FAQ,1500,2090,1800,29-May-14
Satara,Lonand,Wheat,Maharashtra 2189,FAQ,1400,2065,1800,22-May-14
Satara,Lonand,Wheat,Maharashtra 2189,FAQ,1500,2400,2000,15-May-14
Satara,Lonand,Wheat,Maharashtra 2189,FAQ,1400,2300,1900,08-May-14
Satara,Lonand,Wheat,Maharashtra 2189,FAQ,1500,2500,2000,24-Apr-14
Satara,Lonand,Wheat,Maharashtra 2189,FAQ,1400,2301,1900,10-Apr-14
Satara,Lonand,Wheat,Maharashtra 2189,FAQ,1500,2801,2200,03-Apr-14
Satara,Lonand,Wheat,Maharashtra 2189,FAQ,1400,2700,2000,27-Mar-14
Satara,Lonand,Wheat,Maharashtra 2189,FAQ,1500,2000,1850,20-Mar-14
Satara,Lonand,Wheat,Maharashtra 2189,FAQ,1400,2000,1800,13-Mar-14
Satara,Lonand,Wheat,Maharashtra 2189,FAQ,1400,1900,1800,06-Mar-14
Satara,Lonand,Wheat,Maharashtra 2189,FAQ,1400,1851,1700,27-Feb-14
Satara,Lonand,Wheat,Maharashtra 2189,FAQ,1400,2000,1800,20-Feb-14
Satara,Lonand,Wheat,Maharashtra 2189,FAQ,1300,2125,1900,13-Feb-14
Satara,Lonand,Wheat,Maharashtra 2189,FAQ,1400,2221,2000,06-Feb-14
Satara,Lonand,Wheat,Maharashtra 2189,FAQ,1500,2000,1800,30-Jan-14
Satara,Lonand,Wheat,Maharashtra 2189,FAQ,1400,2100,1900,23-Jan-14
Satara,Lonand,Wheat,Maharashtra 2189,FAQ,1500,2300,2000,16-Jan-14
Satara,Lonand,Wheat,Maharashtra 2189,FAQ,1500,2300,2000,09-Jan-14
Satara,Lonand,Wheat,Maharashtra 2189,FAQ,1500,2400,2100,02-Jan-14
Satara,Lonand,Wheat,Maharashtra 2189,FAQ,1500,2300,2000,26-Dec-13
Satara,Lonand,Wheat,Maharashtra 2189,FAQ,1500,2000,1800,19-Dec-13
Satara,Lonand,Wheat,Maharashtra 2189,FAQ,1800,2275,2000,12-Dec-13
Satara,Lonand,Wheat,Maharashtra 2189,FAQ,1801,2100,2000,05-Dec-13
Satara,Lonand,Wheat,Maharashtra 2189,FAQ,1700,2201,2000,28-Nov-13
Satara,Lonand,Wheat,Maharashtra 2189,FAQ,1600,2151,1900,21-Nov-13
Satara,Lonand,Wheat,Maharashtra 2189,FAQ,1750,2000,1900,14-Nov-13
Satara,Lonand,Wheat,Maharashtra 2189,FAQ,1550,2050,1800,07-Nov-13
Satara,Lonand,Wheat,Maharashtra 2189,FAQ,1650,1900,1800,31-Oct-13
Satara,Lonand,Wheat,Maharashtra 2189,FAQ,1600,1825,1700,24-Oct-13
Satara,Lonand,Wheat,Maharashtra 2189,FAQ,1650,1895,1700,17-Oct-13
Satara,Lonand,Wheat,Maharashtra 2189,FAQ,1725,1900,1800,10-Oct-13
Satara,Lonand,Wheat,Maharashtra 2189,FAQ,1650,2040,1850,03-Oct-13
Satara,Lonand,Wheat,Maharashtra 2189,FAQ,1651,1651,1651,26-Sep-13
Satara,Lonand,Wheat,Maharashtra 2189,FAQ,1650,1650,1650,19-Sep-13
Satara,Lonand,Wheat,Maharashtra 2189,FAQ,1600,1800,1700,12-Sep-13
Satara,Lonand,Wheat,Maharashtra 2189,FAQ,1500,1851,1700,05-Sep-13
Satara,Lonand,Wheat,Maharashtra 2189,FAQ,1600,1790,1700,29-Aug-13
Satara,Lonand,Wheat,Maharashtra 2189,FAQ,1600,1725,1650,22-Aug-13
Satara,Lonand,Wheat,Maharashtra 2189,FAQ,1400,1886,1650,15-Aug-13
Satara,Lonand,Wheat,Maharashtra 2189,FAQ,1600,1760,1650,08-Aug-13
Satara,Lonand,Wheat,Maharashtra 2189,FAQ,1600,1820,1700,01-Aug-13
Satara,Lonand,Wheat,Maharashtra 2189,FAQ,1550,1850,1700,25-Jul-13
Satara,Lonand,Wheat,Maharashtra 2189,FAQ,1650,1900,1800,18-Jul-13
Satara,Lonand,Wheat,Maharashtra 2189,FAQ,1681,1681,1681,11-Jul-13
Satara,Lonand,Wheat,Maharashtra 2189,FAQ,1700,2000,1800,04-Jul-13
Satara,Lonand,Wheat,Maharashtra 2189,FAQ,2000,2205,2100,27-Jun-13
Satara,Lonand,Wheat,Maharashtra 2189,FAQ,2200,2200,2200,20-Jun-13
Satara,Lonand,Wheat,Other,FAQ,1600,1600,1600,13-Jun-13
Satara,Lonand,Wheat,Maharashtra 2189,FAQ,1600,2000,1800,06-Jun-13
Satara,Lonand,Wheat,Maharashtra 2189,FAQ,1600,2000,1850,30-May-13
Satara,Lonand,Wheat,Maharashtra 2189,FAQ,1611,2251,1950,23-May-13
Satara,Lonand,Wheat,Maharashtra 2189,FAQ,1525,2250,1900,16-May-13
Satara,Lonand,Wheat,Maharashtra 2189,FAQ,1601,1851,1700,09-May-13
Satara,Lonand,Wheat,Maharashtra 2189,FAQ,1851,2300,2100,11-Apr-13
Satara,Lonand,Wheat,Maharashtra 2189,FAQ,1601,2300,1900,04-Apr-13
Satara,Lonand,Wheat,Maharashtra 2189,FAQ,1601,2250,1850,21-Mar-13
Satara,Lonand,Wheat,Maharashtra 2189,FAQ,1575,1800,1750,14-Mar-13
Satara,Lonand,Wheat,Maharashtra 2189,FAQ,1450,1800,1650,07-Mar-13
Satara,Lonand,Wheat,Maharashtra 2189,FAQ,1500,2000,1750,28-Feb-13
Satara,Lonand,Wheat,Maharashtra 2189,FAQ,1550,1750,1625,21-Feb-13
Satara,Lonand,Wheat,Maharashtra 2189,FAQ,1900,2025,1975,07-Feb-13
Satara,Lonand,Wheat,Maharashtra 2189,FAQ,1650,1900,1775,24-Jan-13
Satara,Lonand,Wheat,Maharashtra 2189,FAQ,1500,2301,1850,17-Jan-13
Satara,Lonand,Wheat,Maharashtra 2189,FAQ,1200,2200,1700,03-Jan-13
Satara,Lonand,Wheat,Maharashtra 2189,FAQ,1300,1900,1575,27-Dec-12
Satara,Lonand,Wheat,Maharashtra 2189,FAQ,1500,1761,1625,20-Dec-12
Satara,Lonand,Wheat,Maharashtra 2189,FAQ,1500,1850,1675,13-Dec-12
Satara,Lonand,Wheat,Maharashtra 2189,FAQ,1600,1851,1725,06-Dec-12
Satara,Lonand,Wheat,Maharashtra 2189,FAQ,1600,1800,1700,22-Nov-12
Satara,Lonand,Wheat,Other,FAQ,1400,1851,1600,08-Nov-12
Satara,Lonand,Wheat,Other,FAQ,1400,1600,1500,25-Oct-12
Satara,Lonand,Wheat,Other,FAQ,1550,1801,1675,18-Oct-12
Satara,Lonand,Wheat,Other,FAQ,1300,1710,1500,04-Oct-12
Satara,Lonand,Wheat,Other,FAQ,1300,1775,1600,27-Sep-12
Satara,Lonand,Wheat,Other,FAQ,1600,1950,1800,13-Sep-12
Satara,Lonand,Wheat,Other,FAQ,1300,1575,1400,30-Aug-12
Satara,Lonand,Wheat,Other,FAQ,1550,1825,1650,23-Aug-12
Satara,Lonand,Wheat,Other,FAQ,1500,1700,1600,16-Aug-12
Satara,Lonand,Wheat,Other,FAQ,1275,1500,1400,09-Aug-12
Satara,Lonand,Wheat,Maharashtra 2189,FAQ,1700,1700,1700,19-Jul-12
Satara,Lonand,Wheat,Maharashtra 2189,FAQ,1411,1601,1500,12-Jul-12
Satara,Lonand,Wheat,Maharashtra 2189,FAQ,1200,1525,1300,05-Jul-12
Satara,Lonand,Wheat,Maharashtra 2189,FAQ,1301,1675,1451,28-Jun-12
Satara,Lonand,Wheat,Maharashtra 2189,FAQ,1250,1500,1375,14-Jun-12
Satara,Lonand,Wheat,Maharashtra 2189,FAQ,1150,1775,1400,17-May-12
Satara,Lonand,Wheat,Maharashtra 2189,FAQ,1100,1500,1325,26-Apr-12
Satara,Lonand,Wheat,Maharashtra 2189,FAQ,1275,1700,1450,19-Apr-12
Satara,Lonand,Wheat,Maharashtra 2189,FAQ,1350,1752,1500,12-Apr-12
Satara,Lonand,Wheat,Maharashtra 2189,FAQ,1300,1726,1475,29-Mar-12
Satara,Lonand,Wheat,Maharashtra 2189,FAQ,1200,1451,1300,15-Mar-12
Satara,Lonand,Wheat,Maharashtra 2189,FAQ,1100,1325,1225,08-Mar-12
Satara,Lonand,Wheat,Maharashtra 2189,FAQ,1100,1300,1225,01-Mar-12
Satara,Lonand,Wheat,Maharashtra 2189,FAQ,1200,1395,1300,23-Feb-12
Satara,Lonand,Wheat,Maharashtra 2189,FAQ,1111,1500,1350,16-Feb-12
Satara,Lonand,Wheat,Maharashtra 2189,FAQ,1160,1525,1250,02-Feb-12
Satara,Lonand,Wheat,Maharashtra 2189,FAQ,1175,1502,1400,27-Jan-12
Satara,Lonand,Wheat,Maharashtra 2189,FAQ,1150,1280,1225,19-Jan-12
Satara,Lonand,Wheat,Maharashtra 2189,FAQ,1300,1400,1350,12-Jan-12
Satara,Lonand,Wheat,Maharashtra 2189,FAQ,1200,1350,1275,29-Dec-11
Satara,Lonand,Wheat,Maharashtra 2189,FAQ,1225,1505,1350,22-Dec-11
Satara,Lonand,Wheat,Maharashtra 2189,FAQ,1151,1251,1200,08-Dec-11
Satara,Lonand,Wheat,Maharashtra 2189,FAQ,1175,1350,1250,17-Nov-11
Satara,Lonand,Wheat,Maharashtra 2189,FAQ,1150,1352,1200,22-Sep-11
Satara,Lonand,Wheat,Maharashtra 2189,FAQ,1100,1251,1200,15-Sep-11
Satara,Lonand,Wheat,Maharashtra 2189,FAQ,1125,1251,1200,01-Sep-11
Satara,Lonand,Wheat,Maharashtra 2189,FAQ,1225,1451,1300,11-Aug-11
Satara,Lonand,Wheat,Maharashtra 2189,FAQ,1200,1500,1300,28-Jul-11
Satara,Lonand,Wheat,Maharashtra 2189,FAQ,1150,1600,1450,21-Jul-11
Satara,Lonand,Wheat,Maharashtra 2189,FAQ,1221,1470,1300,07-Jul-11
Satara,Lonand,Wheat,Maharashtra 2189,FAQ,1200,1470,1350,30-Jun-11
Satara,Lonand,Wheat,Maharashtra 2189,FAQ,1100,1750,1450,23-Jun-11
Satara,Lonand,Wheat,Maharashtra 2189,FAQ,1100,1580,1350,16-Jun-11
Satara,Lonand,Wheat,Maharashtra 2189,FAQ,1160,1500,1350,09-Jun-11
Satara,Lonand,Wheat,Maharashtra 2189,FAQ,1200,1700,1500,26-May-11
Satara,Lonand,Wheat,Maharashtra 2189,FAQ,1100,1600,1400,19-May-11
Satara,Lonand,Wheat,Maharashtra 2189,FAQ,1200,1605,1400,12-May-11
Satara,Lonand,Wheat,Maharashtra 2189,FAQ,1200,1900,1650,28-Apr-11
Satara,Lonand,Wheat,Other,FAQ,1211,1700,1551,21-Apr-11
Satara,Lonand,Wheat,Other,FAQ,1200,1750,1500,14-Apr-11
Satara,Lonand,Wheat,Maharashtra 2189,FAQ,1250,1501,1300,07-Apr-11
Satara,Lonand,Wheat,Maharashtra 2189,FAQ,1175,1751,1300,31-Mar-11
Satara,Lonand,Wheat,Maharashtra 2189,FAQ,1100,1515,1300,24-Mar-11
Satara,Lonand,Wheat,Maharashtra 2189,FAQ,1200,1500,1350,17-Mar-11
Satara,Lonand,Wheat,Maharashtra 2189,FAQ,1350,1600,1475,20-Jan-11
Satara,Lonand,Wheat,Maharashtra 2189,FAQ,1100,1760,1525,06-Jan-11
Satara,Lonand,Wheat,Maharashtra 2189,FAQ,1250,1650,1450,30-Dec-10
Satara,Lonand,Wheat,Maharashtra 2189,FAQ,1325,1800,1511,23-Dec-10
Satara,Lonand,Wheat,Maharashtra 2189,FAQ,1350,1900,1650,16-Dec-10
Satara,Lonand,Wheat,Maharashtra 2189,FAQ,1200,1800,1550,09-Dec-10
Satara,Lonand,Wheat,Maharashtra 2189,FAQ,1300,1600,1450,25-Nov-10
Satara,Lonand,Wheat,Maharashtra 2189,FAQ,1250,1500,1380,18-Nov-10
Satara,Lonand,Wheat,Maharashtra 2189,FAQ,1150,1400,1275,11-Nov-10
Satara,Lonand,Wheat,Maharashtra 2189,FAQ,1270,1400,1300,04-Nov-10
Satara,Lonand,Wheat,Maharashtra 2189,FAQ,1250,1500,1350,28-Oct-10
Satara,Lonand,Wheat,Maharashtra 2189,FAQ,1250,1500,1375,21-Oct-10
Satara,Palthan,Wheat,Other,FAQ,2050,2400,2250,20-Feb-22
Satara,Palthan,Wheat,Other,FAQ,2000,2401,2100,13-Feb-22
Satara,Palthan,Wheat,Other,FAQ,2050,2450,2200,30-Jan-22
Satara,Palthan,Wheat,Other,FAQ,2050,2649,2300,23-Jan-22
Satara,Palthan,Wheat,Other,FAQ,2000,2700,2200,16-Jan-22
Satara,Palthan,Wheat,Other,FAQ,1900,2401,2100,19-Dec-21
Satara,Palthan,Wheat,Other,FAQ,1950,2551,2100,12-Dec-21
Satara,Palthan,Wheat,Other,FAQ,1900,2300,2050,05-Dec-21
Satara,Palthan,Wheat,Other,FAQ,1850,2400,2000,28-Nov-21
Satara,Palthan,Wheat,Other,FAQ,1900,2350,2000,21-Nov-21
Satara,Palthan,Wheat,Other,FAQ,1800,2150,1950,31-Oct-21
Satara,Palthan,Wheat,Other,FAQ,1650,2100,1850,24-Oct-21
Satara,Palthan,Wheat,Other,FAQ,1700,2100,1850,17-Oct-21
Satara,Palthan,Wheat,Other,FAQ,1750,2000,1850,10-Oct-21
Satara,Palthan,Wheat,Other,FAQ,1750,2100,1850,03-Oct-21
Satara,Palthan,Wheat,Other,FAQ,1700,1950,1850,26-Sep-21
Satara,Palthan,Wheat,Other,FAQ,1725,2000,1850,20-Sep-21
Satara,Palthan,Wheat,Other,FAQ,1750,2050,1850,12-Sep-21
Satara,Palthan,Wheat,Other,FAQ,1750,2050,1950,11-Sep-21
Satara,Palthan,Wheat,Other,FAQ,1800,2101,1950,05-Sep-21
Satara,Palthan,Wheat,Other,FAQ,1600,2000,1800,28-Feb-21
Satara,Palthan,Wheat,Other,FAQ,1700,2000,1800,31-Jan-21
Satara,Palthan,Wheat,Other,FAQ,1600,2201,1850,17-Jan-21
Satara,Palthan,Wheat,Other,FAQ,1650,1975,1750,10-Jan-21
Satara,Palthan,Wheat,Other,FAQ,1550,2101,1850,27-Sep-20
Satara,Palthan,Wheat,Other,FAQ,1550,1950,1600,06-Sep-20
Satara,Palthan,Wheat,Other,FAQ,1500,1900,1600,23-Aug-20
Satara,Palthan,Wheat,Other,FAQ,1600,2100,1800,16-Aug-20
Satara,Palthan,Wheat,Other,FAQ,1650,2251,1900,09-Aug-20
Satara,Palthan,Wheat,Other,FAQ,1500,2325,1900,02-Aug-20
Satara,Palthan,Wheat,Other,FAQ,1700,2000,1900,26-Jul-20
Satara,Palthan,Wheat,Other,FAQ,1700,2101,1900,12-Jul-20
Satara,Palthan,Wheat,Other,FAQ,1700,2500,2000,05-Jul-20
Satara,Palthan,Wheat,Other,FAQ,1925,2100,2000,28-Jun-20
Satara,Palthan,Wheat,Other,FAQ,1650,2400,1850,21-Jun-20
Satara,Palthan,Wheat,Other,FAQ,1800,2600,2400,05-Jan-20
Satara,Palthan,Wheat,Other,FAQ,1825,2400,2000,24-Mar-19
Satara,Palthan,Wheat,Other,FAQ,1925,2375,2100,24-Feb-19
Satara,Palthan,Wheat,Other,FAQ,1800,2427,2000,27-Jan-19
Satara,Palthan,Wheat,Other,FAQ,2000,2411,2200,20-Jan-19
Satara,Palthan,Wheat,Other,FAQ,2000,2600,2200,13-Jan-19
Satara,Palthan,Wheat,Other,FAQ,2025,2451,2200,06-Jan-19
Satara,Palthan,Wheat,Other,FAQ,2025,2450,2100,30-Dec-18
Satara,Palthan,Wheat,Other,FAQ,2050,2500,2200,23-Dec-18
Satara,Palthan,Wheat,Other,FAQ,1925,2500,2060,16-Dec-18
Satara,Palthan,Wheat,Other,FAQ,2050,2480,2200,09-Dec-18
Satara,Palthan,Wheat,Other,FAQ,1850,2613,2200,02-Dec-18
Satara,Palthan,Wheat,Other,FAQ,1900,2450,2100,25-Nov-18
Satara,Palthan,Wheat,Other,FAQ,1950,2600,2200,18-Nov-18
Satara,Palthan,Wheat,Other,FAQ,1975,2425,2200,04-Nov-18
Satara,Palthan,Wheat,Other,FAQ,1970,2366,2100,28-Oct-18
Satara,Palthan,Wheat,Other,FAQ,1930,2361,2000,14-Oct-18
Satara,Palthan,Wheat,Other,FAQ,1930,2311,2000,07-Oct-18
Satara,Palthan,Wheat,Other,FAQ,1850,2175,1950,16-Sep-18
Satara,Palthan,Wheat,Other,FAQ,1800,2200,1970,09-Sep-18
Satara,Palthan,Wheat,Other,FAQ,1900,2250,2000,19-Aug-18
Satara,Palthan,Wheat,Other,FAQ,1800,2251,2000,12-Aug-18
Satara,Palthan,Wheat,Other,FAQ,1750,2300,2000,22-Jul-18
Satara,Palthan,Wheat,Other,FAQ,1735,2000,1800,01-Jul-18
Satara,Palthan,Wheat,Other,FAQ,1700,2110,1775,17-Jun-18
Satara,Palthan,Wheat,Other,FAQ,1700,2055,1800,10-Jun-18
Satara,Palthan,Wheat,Other,FAQ,1735,2151,1800,03-Jun-18
Satara,Palthan,Wheat,Other,FAQ,1700,2050,1850,27-May-18
Satara,Palthan,Wheat,Other,FAQ,1735,2000,1851,20-May-18
Satara,Palthan,Wheat,Other,FAQ,1735,2105,1900,13-May-18
Satara,Palthan,Wheat,Other,FAQ,1700,2201,1950,22-Apr-18
Satara,Palthan,Wheat,Other,FAQ,1740,2200,1900,15-Apr-18
Satara,Palthan,Wheat,Other,FAQ,1775,2200,1900,08-Apr-18
Satara,Palthan,Wheat,Other,FAQ,1735,1900,1775,01-Apr-18
Satara,Palthan,Wheat,Other,FAQ,1735,1851,1750,14-Jan-18
Satara,Palthan,Wheat,Other,FAQ,1740,2021,1825,07-Jan-18
Satara,Palthan,Wheat,Other,FAQ,1700,1851,1750,12-Nov-17
Satara,Palthan,Wheat,Other,FAQ,1735,2000,1800,05-Nov-17
Satara,Palthan,Wheat,Other,FAQ,1700,1900,1720,29-Oct-17
Satara,Palthan,Wheat,Other,FAQ,1600,1850,1670,15-Oct-17
Satara,Palthan,Wheat,Other,FAQ,1675,1800,1725,24-Sep-17
Satara,Palthan,Wheat,Other,FAQ,1650,1750,1680,17-Sep-17
Satara,Palthan,Wheat,Other,FAQ,1680,1800,1740,10-Sep-17
Satara,Palthan,Wheat,Other,FAQ,1715,1800,1740,03-Sep-17
Satara,Palthan,Wheat,Other,FAQ,1700,1850,1740,27-Aug-17
Satara,Palthan,Wheat,Other,FAQ,1700,1811,1750,20-Aug-17
Satara,Palthan,Wheat,Other,FAQ,1700,1851,1750,13-Aug-17
Satara,Palthan,Wheat,Other,FAQ,1700,1900,1811,06-Aug-17
Satara,Palthan,Wheat,Other,FAQ,1600,1850,1700,30-Jul-17
Satara,Palthan,Wheat,Other,FAQ,1700,1875,1775,23-Jul-17
Satara,Palthan,Wheat,Other,FAQ,1600,1800,1700,16-Jul-17
Satara,Palthan,Wheat,Other,FAQ,1650,1900,1725,09-Jul-17
Satara,Palthan,Wheat,Other,FAQ,1500,1780,1625,02-Jul-17
Satara,Palthan,Wheat,Other,FAQ,1650,1850,1750,18-Jun-17
Satara,Palthan,Wheat,Other,FAQ,1600,1951,1700,11-Jun-17
Satara,Palthan,Wheat,Other,FAQ,1575,1831,1625,04-Jun-17
Satara,Palthan,Wheat,Other,FAQ,1600,1825,1675,28-May-17
Satara,Palthan,Wheat,Other,FAQ,1600,1850,1700,21-May-17
Satara,Palthan,Wheat,Other,FAQ,1600,2500,2000,14-May-17
Satara,Palthan,Wheat,Other,FAQ,1600,1885,1675,07-May-17
Satara,Palthan,Wheat,Other,FAQ,1650,2000,1725,30-Apr-17
Satara,Palthan,Wheat,Other,FAQ,1650,2000,1800,23-Apr-17
Satara,Palthan,Wheat,Other,FAQ,1600,2001,1750,16-Apr-17
Satara,Palthan,Wheat,Other,FAQ,1500,1890,1700,09-Apr-17
Satara,Palthan,Wheat,Other,FAQ,1650,2000,1750,03-Apr-17
Satara,Palthan,Wheat,Other,FAQ,1500,1975,1675,26-Mar-17
Satara,Palthan,Wheat,Other,FAQ,1600,1950,1750,20-Mar-17
Satara,Palthan,Wheat,Other,FAQ,1600,2000,1700,12-Mar-17
Satara,Palthan,Wheat,Other,FAQ,1550,2000,1750,05-Mar-17
Satara,Palthan,Wheat,Other,FAQ,1600,2100,1800,26-Feb-17
Satara,Palthan,Wheat,Other,FAQ,1600,2326,1900,12-Feb-17
Satara,Palthan,Wheat,Other,FAQ,1600,2000,1800,05-Feb-17
Satara,Palthan,Wheat,Other,FAQ,1600,2152,1850,29-Jan-17
Satara,Palthan,Wheat,Other,FAQ,1600,2300,1850,15-Jan-17
Satara,Palthan,Wheat,Other,FAQ,1500,2600,1750,09-Jan-17
Satara,Palthan,Wheat,Other,FAQ,1600,2250,1850,02-Jan-17
Satara,Palthan,Wheat,Other,FAQ,1550,2250,1850,26-Dec-16
Satara,Palthan,Wheat,Other,FAQ,1500,2200,1850,19-Dec-16
Satara,Palthan,Wheat,Other,FAQ,1500,2690,1850,05-Dec-16
Satara,Palthan,Wheat,Other,FAQ,1500,2291,1800,20-Nov-16
Satara,Palthan,Wheat,Other,FAQ,1600,2000,1750,24-Oct-16
Satara,Palthan,Wheat,Other,FAQ,1400,2000,1700,17-Oct-16
Satara,Palthan,Wheat,Other,FAQ,1600,2200,1800,02-Oct-16
Satara,Palthan,Wheat,Other,FAQ,1600,2200,1750,25-Sep-16
Satara,Palthan,Wheat,Other,FAQ,1650,2200,1900,11-Sep-16
Satara,Palthan,Wheat,Other,FAQ,1600,2226,1775,04-Sep-16
Satara,Palthan,Wheat,Other,FAQ,1550,2200,1750,28-Aug-16
Satara,Palthan,Wheat,Other,FAQ,1650,2040,1775,21-Aug-16
Satara,Palthan,Wheat,Other,FAQ,1600,2011,1750,14-Aug-16
Satara,Palthan,Wheat,Other,FAQ,1600,2090,1775,07-Aug-16
Satara,Palthan,Wheat,Other,FAQ,1700,2250,1850,31-Jul-16
Satara,Palthan,Wheat,Other,FAQ,1650,2000,1750,24-Jul-16
Satara,Palthan,Wheat,Other,FAQ,1850,2150,2000,03-Jul-16
Satara,Palthan,Wheat,Other,FAQ,1525,2251,2000,26-Jun-16
Satara,Palthan,Wheat,Other,FAQ,1525,2300,1850,19-Jun-16
Satara,Palthan,Wheat,Other,FAQ,1525,2000,1800,12-Jun-16
Satara,Palthan,Wheat,Other,FAQ,1525,2100,1800,05-Jun-16
Satara,Palthan,Wheat,Other,FAQ,1525,1900,1700,22-May-16
Satara,Palthan,Wheat,Other,FAQ,1575,2011,1800,08-May-16
Satara,Palthan,Wheat,Other,FAQ,1525,2200,1700,24-Apr-16
Satara,Palthan,Wheat,Other,FAQ,1525,2200,1700,17-Apr-16
Satara,Palthan,Wheat,Other,FAQ,1525,2300,1700,10-Apr-16
Satara,Palthan,Wheat,Other,FAQ,1525,2200,1700,03-Apr-16
Satara,Palthan,Wheat,Other,FAQ,1525,2205,1800,21-Mar-16
Satara,Palthan,Wheat,Other,FAQ,1525,2250,1800,14-Mar-16
Satara,Palthan,Wheat,Other,FAQ,1525,2411,1900,06-Mar-16
Satara,Palthan,Wheat,Other,FAQ,1525,2201,1700,29-Feb-16
Satara,Palthan,Wheat,Other,FAQ,1525,2250,1800,22-Feb-16
Satara,Palthan,Wheat,Other,FAQ,1525,2253,1900,15-Feb-16
Satara,Palthan,Wheat,Other,FAQ,1525,2351,1900,08-Feb-16
Satara,Palthan,Wheat,Other,FAQ,1525,2200,1800,01-Feb-16
Satara,Palthan,Wheat,Other,FAQ,1525,2500,1900,25-Jan-16
Satara,Palthan,Wheat,Other,FAQ,1525,2351,1800,18-Jan-16
Satara,Palthan,Wheat,Other,FAQ,1525,2085,1700,11-Jan-16
Satara,Palthan,Wheat,Other,FAQ,1525,2000,1700,04-Jan-16
Satara,Palthan,Wheat,Other,FAQ,1525,2375,1700,28-Dec-15
Satara,Palthan,Wheat,Other,FAQ,1525,2261,1700,21-Dec-15
Satara,Palthan,Wheat,Other,FAQ,1525,2200,1800,14-Dec-15
Satara,Palthan,Wheat,Other,FAQ,1525,2401,1800,07-Dec-15
Satara,Palthan,Wheat,Other,FAQ,1525,2441,1700,30-Nov-15
Satara,Palthan,Wheat,Other,FAQ,1525,2200,1900,23-Nov-15
Satara,Palthan,Wheat,Other,FAQ,1525,2200,1800,16-Nov-15
Satara,Palthan,Wheat,Other,FAQ,1450,2501,1700,02-Nov-15
Satara,Palthan,Wheat,Other,FAQ,1450,2300,1800,26-Oct-15
Satara,Palthan,Wheat,Other,FAQ,1450,2201,1800,18-Oct-15
Satara,Palthan,Wheat,Other,FAQ,1450,2000,1600,12-Oct-15
Satara,Palthan,Wheat,Other,FAQ,1450,2000,1600,04-Oct-15
Satara,Palthan,Wheat,Other,FAQ,1450,2150,1800,20-Sep-15
Satara,Palthan,Wheat,Other,FAQ,1450,2100,1800,13-Sep-15
Satara,Palthan,Wheat,Other,FAQ,1450,1900,1700,06-Sep-15
Satara,Palthan,Wheat,Other,FAQ,1550,1900,1700,30-Aug-15
Satara,Palthan,Wheat,Other,FAQ,1450,2000,1700,23-Aug-15
Satara,Palthan,Wheat,Other,FAQ,1500,1900,1700,09-Aug-15
Satara,Palthan,Wheat,Other,FAQ,1500,1951,1700,02-Aug-15
Satara,Palthan,Wheat,Other,FAQ,1500,2141,1800,26-Jul-15
Satara,Palthan,Wheat,Other,FAQ,1500,1961,1750,12-Jul-15
Satara,Palthan,Wheat,Other,FAQ,1400,2000,1700,05-Jul-15
Satara,Palthan,Wheat,Other,FAQ,1400,1901,1600,28-Jun-15
Satara,Palthan,Wheat,Other,FAQ,1400,2000,1800,21-Jun-15
Satara,Palthan,Wheat,Other,FAQ,1400,1851,1700,14-Jun-15
Satara,Palthan,Wheat,Other,FAQ,1400,1911,1700,08-Jun-15
Satara,Palthan,Wheat,Other,FAQ,1400,2000,1800,01-Jun-15
Satara,Palthan,Wheat,Other,FAQ,1400,2100,1800,25-May-15
Satara,Palthan,Wheat,Other,FAQ,1400,2150,1800,17-May-15
Satara,Palthan,Wheat,Other,FAQ,1400,2070,1800,10-May-15
Satara,Palthan,Wheat,Other,FAQ,1400,2050,1700,03-May-15
Satara,Palthan,Wheat,Other,FAQ,1400,2101,1700,26-Apr-15
Satara,Palthan,Wheat,Other,FAQ,1400,2200,1800,19-Apr-15
Satara,Palthan,Wheat,Other,FAQ,1400,2200,1800,12-Apr-15
Satara,Palthan,Wheat,Other,FAQ,1400,2601,1900,06-Apr-15
Satara,Palthan,Wheat,Other,FAQ,1600,1875,1700,16-Feb-15
Satara,Palthan,Wheat,Other,FAQ,1630,2000,1800,09-Feb-15
Satara,Palthan,Wheat,Other,FAQ,1600,2100,1800,02-Feb-15
Satara,Palthan,Wheat,Other,FAQ,1500,2000,1700,27-Jan-15
Satara,Palthan,Wheat,Other,FAQ,1620,2175,1800,19-Jan-15
Satara,Palthan,Wheat,Other,FAQ,1600,2110,1800,12-Jan-15
Satara,Palthan,Wheat,Other,FAQ,1600,2110,1800,12-Jan-15
Satara,Palthan,Wheat,Other,FAQ,1620,2100,1800,05-Jan-15
Satara,Palthan,Wheat,Other,FAQ,1450,2100,1800,29-Dec-14
Satara,Palthan,Wheat,Other,FAQ,1600,2100,1800,15-Dec-14
Satara,Palthan,Wheat,Other,FAQ,1625,2100,1800,07-Dec-14
Satara,Palthan,Wheat,Other,FAQ,1600,2100,1800,30-Nov-14
Satara,Palthan,Wheat,Other,FAQ,1580,2300,2000,09-Nov-14
Satara,Palthan,Wheat,Other,FAQ,1500,2200,1700,02-Nov-14
Satara,Palthan,Wheat,Other,FAQ,1600,2140,1800,26-Oct-14
Satara,Palthan,Wheat,Other,FAQ,1500,1900,1700,13-Oct-14
Satara,Palthan,Wheat,Other,FAQ,1600,2100,1800,05-Oct-14
Satara,Palthan,Wheat,Other,FAQ,1500,1900,1700,28-Sep-14
Satara,Palthan,Wheat,Other,FAQ,1600,2200,1900,21-Sep-14
Satara,Palthan,Wheat,Other,FAQ,1600,2200,1800,14-Sep-14
Satara,Palthan,Wheat,Other,FAQ,1400,1900,1550,07-Sep-14
Satara,Palthan,Wheat,Other,FAQ,1590,1950,1750,31-Aug-14
Satara,Palthan,Wheat,Other,FAQ,1600,1900,1750,24-Aug-14
Satara,Palthan,Wheat,Other,FAQ,1600,2000,1800,17-Aug-14
Satara,Palthan,Wheat,Other,FAQ,1600,2175,1800,10-Aug-14
Satara,Palthan,Wheat,Other,FAQ,1600,2271,1800,03-Aug-14
Satara,Palthan,Wheat,Other,FAQ,1400,1921,1750,27-Jul-14
Satara,Palthan,Wheat,Other,FAQ,1600,2351,1800,20-Jul-14
Satara,Palthan,Wheat,Other,FAQ,1600,2101,1800,13-Jul-14
Satara,Palthan,Wheat,Other,FAQ,1600,2000,1800,06-Jul-14
Satara,Palthan,Wheat,Other,FAQ,1550,2299,1700,22-Jun-14
Satara,Palthan,Wheat,Other,FAQ,1520,1950,1650,15-Jun-14
Satara,Palthan,Wheat,Other,FAQ,1550,1875,1600,08-Jun-14
Satara,Palthan,Wheat,Other,FAQ,1500,2000,1700,01-Jun-14
Satara,Palthan,Wheat,Other,FAQ,1550,2000,1800,25-May-14
Satara,Palthan,Wheat,Other,FAQ,1600,2451,2000,18-May-14
Satara,Palthan,Wheat,Other,FAQ,1600,2200,1900,11-May-14
Satara,Palthan,Wheat,Other,FAQ,1500,2200,1800,04-May-14
Satara,Palthan,Wheat,Other,FAQ,1500,2300,1900,27-Apr-14
Satara,Palthan,Wheat,Other,FAQ,1350,2150,1800,20-Apr-14
Satara,Palthan,Wheat,Other,FAQ,1500,2350,1900,13-Apr-14
Satara,Palthan,Wheat,Other,FAQ,1700,2411,1950,06-Apr-14
Satara,Palthan,Wheat,Other,FAQ,1500,2380,1850,23-Mar-14
Satara,Palthan,Wheat,Other,FAQ,1600,2400,2200,16-Mar-14
Satara,Palthan,Wheat,Other,FAQ,1600,2200,1850,02-Mar-14
Satara,Palthan,Wheat,Other,FAQ,1650,2100,1800,23-Feb-14
Satara,Palthan,Wheat,Other,FAQ,1650,2500,1950,19-Jan-14
Satara,Palthan,Wheat,Other,FAQ,1650,2151,1900,12-Jan-14
Satara,Palthan,Wheat,Other,FAQ,1600,2251,1900,05-Jan-14
Satara,Palthan,Wheat,Other,FAQ,1350,2300,1950,01-Dec-13
Satara,Palthan,Wheat,Other,FAQ,1350,2385,1900,24-Nov-13
Satara,Palthan,Wheat,Other,FAQ,1350,2400,1900,17-Nov-13
Satara,Palthan,Wheat,Other,FAQ,1350,2210,1800,10-Nov-13
Satara,Palthan,Wheat,Other,FAQ,1500,1851,1600,15-Sep-13
Satara,Palthan,Wheat,Other,FAQ,1400,2400,1750,07-Jul-13
Satara,Palthan,Wheat,Other,FAQ,1550,2156,1925,16-Jun-13
Satara,Palthan,Wheat,Other,FAQ,1500,2480,2000,09-Jun-13
Satara,Palthan,Wheat,Other,FAQ,1500,2100,1800,02-Jun-13
Satara,Palthan,Wheat,Other,FAQ,1600,2205,1750,26-May-13
Satara,Palthan,Wheat,Other,FAQ,1600,2001,1800,19-May-13
Satara,Palthan,Wheat,Other,FAQ,1400,2200,1900,12-May-13
Satara,Palthan,Wheat,Other,FAQ,1550,2151,1800,05-May-13
Satara,Palthan,Wheat,Other,FAQ,1500,2100,1800,28-Apr-13
Satara,Palthan,Wheat,Other,FAQ,1600,2050,1750,21-Apr-13
Satara,Palthan,Wheat,Other,FAQ,1600,2100,1900,14-Apr-13
Satara,Palthan,Wheat,Other,FAQ,1500,2050,1850,07-Apr-13
Satara,Palthan,Wheat,Other,FAQ,1200,1950,1500,04-Apr-13
Satara,Palthan,Wheat,Other,FAQ,1425,2100,1600,24-Mar-13
Satara,Palthan,Wheat,Other,FAQ,1525,1950,1750,17-Mar-13
Satara,Palthan,Wheat,Other,FAQ,1500,1900,1750,10-Mar-13
Satara,Palthan,Wheat,Other,FAQ,1575,1850,1725,04-Mar-13
Satara,Palthan,Wheat,Other,FAQ,1500,2001,1825,24-Feb-13
Satara,Palthan,Wheat,Other,FAQ,1500,2023,1900,17-Feb-13
Satara,Palthan,Wheat,Other,FAQ,1500,2075,1800,10-Feb-13
Satara,Palthan,Wheat,Other,FAQ,1500,2121,1900,03-Feb-13
Satara,Palthan,Wheat,Other,FAQ,1500,1950,1800,27-Jan-13
Satara,Palthan,Wheat,Other,FAQ,1500,2081,1950,20-Jan-13
Satara,Palthan,Wheat,Other,FAQ,1500,2052,1800,13-Jan-13
Satara,Palthan,Wheat,Other,FAQ,1500,2052,1800,12-Jan-13
Satara,Palthan,Wheat,Other,FAQ,1500,2121,1800,30-Dec-12
Satara,Palthan,Wheat,Other,FAQ,1500,1952,1800,23-Dec-12
Satara,Palthan,Wheat,Other,FAQ,1500,2015,1750,16-Dec-12
Satara,Palthan,Wheat,Other,FAQ,1500,2021,1900,09-Dec-12
Satara,Palthan,Wheat,Other,FAQ,1500,2251,1900,25-Nov-12
Satara,Palthan,Wheat,Other,FAQ,1560,2100,1800,19-Nov-12
Satara,Palthan,Wheat,Other,FAQ,1500,1982,1675,11-Nov-12
Satara,Palthan,Wheat,Other,FAQ,1500,1950,1550,04-Nov-12
Satara,Palthan,Wheat,Other,FAQ,1500,1930,1625,28-Oct-12
Satara,Palthan,Wheat,Other,FAQ,1500,1820,1650,21-Oct-12
Satara,Palthan,Wheat,Other,FAQ,1500,1892,1650,14-Oct-12
Satara,Palthan,Wheat,Other,FAQ,1505,1900,1525,07-Oct-12
Satara,Palthan,Wheat,Other,FAQ,1520,1850,1650,30-Sep-12
Satara,Palthan,Wheat,Other,FAQ,1500,1900,1700,23-Sep-12
Satara,Palthan,Wheat,Other,FAQ,1500,1851,1700,16-Sep-12
Satara,Palthan,Wheat,Other,FAQ,1500,1950,1775,09-Sep-12
Satara,Palthan,Wheat,Other,FAQ,1525,1920,1725,02-Sep-12
Satara,Palthan,Wheat,Other,FAQ,1448,1900,1750,26-Aug-12
Satara,Palthan,Wheat,Other,FAQ,1455,1823,1600,19-Aug-12
Satara,Palthan,Wheat,Other,FAQ,1325,1725,1450,12-Aug-12
Satara,Palthan,Wheat,Other,FAQ,1300,1800,1650,05-Aug-12
Satara,Palthan,Wheat,Other,FAQ,1300,1725,1600,29-Jul-12
Satara,Palthan,Wheat,Other,FAQ,1280,1876,1500,22-Jul-12
Satara,Palthan,Wheat,Other,FAQ,1250,1805,1600,15-Jul-12
Satara,Palthan,Wheat,Other,FAQ,1150,1651,1425,08-Jul-12
Satara,Palthan,Wheat,Other,FAQ,1235,1535,1380,01-Jul-12
Satara,Palthan,Wheat,Other,FAQ,1251,1550,1390,24-Jun-12
Satara,Palthan,Wheat,Other,FAQ,1240,1511,1390,17-Jun-12
Satara,Palthan,Wheat,Other,FAQ,1200,1700,1400,10-Jun-12
Satara,Palthan,Wheat,Other,FAQ,1200,1495,1375,03-Jun-12
Satara,Palthan,Wheat,Other,FAQ,1201,1550,1411,26-May-12
Satara,Palthan,Wheat,Other,FAQ,1200,1602,1450,20-May-12
Satara,Palthan,Wheat,Other,FAQ,1101,1661,1451,13-May-12
Satara,Palthan,Wheat,Other,FAQ,1300,1600,1400,06-May-12
Satara,Palthan,Wheat,Other,FAQ,1200,1750,1400,29-Apr-12
Satara,Palthan,Wheat,Other,FAQ,1200,1600,1375,22-Apr-12
Satara,Palthan,Wheat,Other,FAQ,1280,1851,1430,15-Apr-12
Satara,Palthan,Wheat,Other,FAQ,1200,1650,1350,08-Apr-12
Satara,Palthan,Wheat,Other,FAQ,1200,1501,1350,18-Mar-12
Satara,Palthan,Wheat,Other,FAQ,1100,1400,1200,11-Mar-12
Satara,Palthan,Wheat,Other,FAQ,1100,1451,1250,04-Mar-12
Satara,Palthan,Wheat,Other,FAQ,1100,1350,1225,26-Feb-12
Satara,Palthan,Wheat,Other,FAQ,1100,1500,1275,19-Feb-12
Satara,Palthan,Wheat,Other,FAQ,1100,1600,1300,12-Feb-12
Satara,Palthan,Wheat,Other,FAQ,1180,1470,1280,05-Feb-12
Satara,Palthan,Wheat,Other,FAQ,1100,1595,1350,29-Jan-12
Satara,Palthan,Wheat,Other,FAQ,1150,1600,1275,22-Jan-12
Satara,Palthan,Wheat,Other,FAQ,1100,1450,1250,15-Jan-12
Satara,Palthan,Wheat,Other,FAQ,1200,1501,1275,08-Jan-12
Satara,Palthan,Wheat,Other,FAQ,1120,1500,1250,01-Jan-12
Satara,Palthan,Wheat,Other,FAQ,1150,1501,1250,25-Dec-11
Satara,Palthan,Wheat,Other,FAQ,1100,1475,1250,04-Dec-11
Satara,Palthan,Wheat,Other,FAQ,1150,1350,1225,27-Nov-11
Satara,Palthan,Wheat,Other,FAQ,1100,1451,1225,13-Nov-11
Satara,Palthan,Wheat,Other,FAQ,1100,1400,1250,06-Nov-11
Satara,Palthan,Wheat,Other,FAQ,1100,1400,1200,04-Sep-11
Satara,Palthan,Wheat,Other,FAQ,1100,1400,1225,28-Aug-11
Satara,Palthan,Wheat,Other,FAQ,1100,1350,1200,21-Aug-11
Satara,Palthan,Wheat,Other,FAQ,1100,1400,1200,17-Jul-11
Satara,Palthan,Wheat,Other,FAQ,1100,1400,1200,10-Jul-11
Satara,Palthan,Wheat,Other,FAQ,1100,1400,1250,26-Jun-11
Satara,Palthan,Wheat,Other,FAQ,1100,1400,1250,19-Jun-11
Satara,Palthan,Wheat,Other,FAQ,1100,1400,1200,12-Jun-11
Satara,Palthan,Wheat,Other,FAQ,1100,1500,1250,05-Jun-11
Satara,Palthan,Wheat,Other,FAQ,1100,1600,1300,29-May-11
Satara,Palthan,Wheat,Other,FAQ,1100,1650,1300,15-May-11
Satara,Palthan,Wheat,Other,FAQ,1100,1650,1400,24-Apr-11
Satara,Palthan,Wheat,Other,FAQ,1100,1650,1300,17-Apr-11
Satara,Palthan,Wheat,Other,FAQ,1100,1450,1250,10-Apr-11
Satara,Palthan,Wheat,Other,FAQ,1100,1600,1350,20-Mar-11
Satara,Palthan,Wheat,Other,FAQ,1100,1700,1350,13-Mar-11
Satara,Palthan,Wheat,Other,FAQ,1100,1600,1350,06-Mar-11
Satara,Palthan,Wheat,Other,FAQ,1100,1700,1350,27-Feb-11
Satara,Palthan,Wheat,Other,FAQ,1100,1700,1450,20-Feb-11
Satara,Palthan,Wheat,Other,FAQ,1100,1700,1400,13-Feb-11
Satara,Palthan,Wheat,Other,FAQ,1100,1600,1400,06-Feb-11
Satara,Palthan,Wheat,Other,FAQ,1100,1600,1400,30-Jan-11
Satara,Palthan,Wheat,Other,FAQ,1100,1650,1400,23-Jan-11
Satara,Palthan,Wheat,Other,FAQ,1100,1900,1500,09-Jan-11
Satara,Palthan,Wheat,Other,FAQ,1100,1950,1600,02-Jan-11
Satara,Palthan,Wheat,Other,FAQ,1100,1600,1300,26-Dec-10
Satara,Palthan,Wheat,Other,FAQ,1100,1600,1350,19-Dec-10
Satara,Palthan,Wheat,Other,FAQ,1200,1500,1375,24-Oct-10
Satara,Vaduj,Wheat,Maharashtra 2189,FAQ,1950,2000,1975,26-Feb-22
Satara,Vaduj,Wheat,Maharashtra 2189,FAQ,1950,2000,1975,19-Feb-22
Satara,Vaduj,Wheat,Maharashtra 2189,FAQ,1950,2000,1975,12-Feb-22
Satara,Vaduj,Wheat,Maharashtra 2189,FAQ,1930,1980,1960,29-Jan-22
Satara,Vaduj,Wheat,Maharashtra 2189,FAQ,1950,2000,1975,22-Jan-22
Satara,Vaduj,Wheat,Maharashtra 2189,FAQ,1950,2000,1975,15-Jan-22
Satara,Vaduj,Wheat,Maharashtra 2189,FAQ,1950,2000,1975,08-Jan-22
Satara,Vaduj,Wheat,Maharashtra 2189,FAQ,1950,2000,1975,01-Jan-22
Satara,Vaduj,Wheat,Maharashtra 2189,FAQ,1930,1950,1940,25-Dec-21
Satara,Vaduj,Wheat,Maharashtra 2189,FAQ,1950,2000,1975,18-Dec-21
Satara,Vaduj,Wheat,Maharashtra 2189,FAQ,1950,2000,1975,11-Dec-21
Satara,Vaduj,Wheat,Maharashtra 2189,FAQ,1950,2000,1975,27-Nov-21
Satara,Vaduj,Wheat,Maharashtra 2189,FAQ,1950,2000,1975,20-Nov-21
Satara,Vaduj,Wheat,Maharashtra 2189,FAQ,1950,2000,1975,13-Nov-21
Satara,Vaduj,Wheat,Maharashtra 2189,FAQ,1950,2000,1975,06-Nov-21
Satara,Vaduj,Wheat,Maharashtra 2189,FAQ,1950,2000,1975,30-Oct-21
Satara,Vaduj,Wheat,Maharashtra 2189,FAQ,1950,2050,2000,23-Oct-21
Satara,Vaduj,Wheat,Maharashtra 2189,FAQ,1950,2000,1975,16-Oct-21
Satara,Vaduj,Wheat,Maharashtra 2189,FAQ,1950,2000,1975,09-Oct-21
Satara,Vaduj,Wheat,Maharashtra 2189,FAQ,1950,2000,1975,02-Oct-21
Satara,Vaduj,Wheat,Maharashtra 2189,FAQ,1950,2000,1975,25-Sep-21
Satara,Vaduj,Wheat,Maharashtra 2189,FAQ,1950,2000,1975,18-Sep-21
Satara,Vaduj,Wheat,Maharashtra 2189,FAQ,1950,2000,1975,11-Sep-21
Satara,Vaduj,Wheat,Maharashtra 2189,FAQ,1950,2000,1975,04-Sep-21
Satara,Vaduj,Wheat,Maharashtra 2189,FAQ,1950,2000,1975,28-Aug-21
Satara,Vaduj,Wheat,Maharashtra 2189,FAQ,1950,2000,1975,21-Aug-21
Satara,Vaduj,Wheat,Maharashtra 2189,FAQ,1950,2150,2050,10-Jul-21
Satara,Vaduj,Wheat,Maharashtra 2189,FAQ,1930,2000,1980,26-Jun-21
Satara,Vaduj,Wheat,Maharashtra 2189,FAQ,1950,2000,1975,19-Jun-21
Satara,Vaduj,Wheat,Maharashtra 2189,FAQ,2000,2200,2100,17-Apr-21
Satara,Vaduj,Wheat,Maharashtra 2189,FAQ,2000,2100,2050,10-Apr-21
Satara,Vaduj,Wheat,Maharashtra 2189,FAQ,1950,2000,1975,03-Apr-21
Satara,Vaduj,Wheat,Maharashtra 2189,FAQ,1950,2150,2050,27-Mar-21
Satara,Vaduj,Wheat,Maharashtra 2189,FAQ,1950,2150,2000,13-Mar-21
Satara,Vaduj,Wheat,Maharashtra 2189,FAQ,1930,1980,1960,06-Mar-21
Satara,Vaduj,Wheat,Maharashtra 2189,FAQ,1930,1950,1940,27-Feb-21
Satara,Vaduj,Wheat,Maharashtra 2189,FAQ,1930,1980,1965,20-Feb-21
Satara,Vaduj,Wheat,Maharashtra 2189,FAQ,1930,2000,1960,13-Feb-21
Satara,Vaduj,Wheat,Maharashtra 2189,FAQ,1930,2000,1980,30-Jan-21
Satara,Vaduj,Wheat,Maharashtra 2189,FAQ,1950,2150,2050,23-Jan-21
Satara,Vaduj,Wheat,Maharashtra 2189,FAQ,1930,1980,1950,16-Jan-21
Satara,Vaduj,Wheat,Maharashtra 2189,FAQ,1940,1960,1950,02-Jan-21
Satara,Vaduj,Wheat,Maharashtra 2189,FAQ,1925,1950,1935,26-Dec-20
Satara,Vaduj,Wheat,Maharashtra 2189,FAQ,2000,2100,2050,19-Dec-20
Satara,Vaduj,Wheat,Maharashtra 2189,FAQ,1850,1950,1900,12-Dec-20
Satara,Vaduj,Wheat,Maharashtra 2189,FAQ,1850,1950,1900,05-Dec-20
Satara,Vaduj,Wheat,Maharashtra 2189,FAQ,1850,1950,1900,28-Nov-20
Satara,Vaduj,Wheat,Maharashtra 2189,FAQ,1850,1950,1900,21-Nov-20
Satara,Vaduj,Wheat,Maharashtra 2189,FAQ,1850,1950,1900,14-Nov-20
Satara,Vaduj,Wheat,Maharashtra 2189,FAQ,1850,18950,1900,07-Nov-20
Satara,Vaduj,Wheat,Maharashtra 2189,FAQ,1850,1950,1900,31-Oct-20
Satara,Vaduj,Wheat,Maharashtra 2189,FAQ,1850,1950,1900,10-Oct-20
Satara,Vaduj,Wheat,Maharashtra 2189,FAQ,1850,1950,1900,03-Oct-20
Satara,Vaduj,Wheat,Maharashtra 2189,FAQ,1840,1870,1860,26-Sep-20
Satara,Vaduj,Wheat,Maharashtra 2189,FAQ,1850,1900,1875,19-Sep-20
Satara,Vaduj,Wheat,Maharashtra 2189,FAQ,1850,1950,1900,05-Sep-20
Satara,Vaduj,Wheat,Maharashtra 2189,FAQ,1850,1950,1900,29-Aug-20
Satara,Vaduj,Wheat,Maharashtra 2189,FAQ,1900,2100,2000,22-Aug-20
Satara,Vaduj,Wheat,Maharashtra 2189,FAQ,1850,1950,1900,15-Aug-20
Satara,Vaduj,Wheat,Maharashtra 2189,FAQ,1850,1950,1900,01-Aug-20
Satara,Vaduj,Wheat,Maharashtra 2189,FAQ,1850,1950,1900,11-Jul-20
Satara,Vaduj,Wheat,Maharashtra 2189,FAQ,1850,1900,1875,27-Jun-20
Satara,Vaduj,Wheat,Maharashtra 2189,FAQ,1850,1950,1900,20-Jun-20
Satara,Vaduj,Wheat,Maharashtra 2189,FAQ,1900,2000,1950,13-Jun-20
Satara,Vaduj,Wheat,Maharashtra 2189,FAQ,1900,2000,1950,30-May-20
Satara,Vaduj,Wheat,Maharashtra 2189,FAQ,1900,2000,1950,23-May-20
Satara,Vaduj,Wheat,Maharashtra 2189,FAQ,1900,2100,2000,16-May-20
Satara,Vaduj,Wheat,Maharashtra 2189,FAQ,2000,2100,2050,09-May-20
Satara,Vaduj,Wheat,Maharashtra 2189,FAQ,2000,2100,2050,18-Apr-20
Satara,Vaduj,Wheat,Maharashtra 2189,FAQ,2000,2100,2050,14-Mar-20
Satara,Vaduj,Wheat,Maharashtra 2189,FAQ,2000,2100,2050,07-Mar-20
Satara,Vaduj,Wheat,Maharashtra 2189,FAQ,2000,2100,2050,29-Feb-20
Satara,Vaduj,Wheat,Maharashtra 2189,FAQ,2150,2250,2200,22-Feb-20
Satara,Vaduj,Wheat,Maharashtra 2189,FAQ,2150,2250,2200,15-Feb-20
Satara,Vaduj,Wheat,Maharashtra 2189,FAQ,2150,2250,2200,08-Feb-20
Satara,Vaduj,Wheat,Maharashtra 2189,FAQ,2050,2150,2100,01-Feb-20
Satara,Vaduj,Wheat,Maharashtra 2189,FAQ,2150,2250,2200,29-Jan-20
Satara,Vaduj,Wheat,Maharashtra 2189,FAQ,2150,2250,2200,25-Jan-20
Satara,Vaduj,Wheat,Maharashtra 2189,FAQ,2150,2250,2200,18-Jan-20
Satara,Vaduj,Wheat,Maharashtra 2189,FAQ,2150,2250,2200,11-Jan-20
Satara,Vaduj,Wheat,Maharashtra 2189,FAQ,2150,2250,2200,08-Jan-20
Satara,Vaduj,Wheat,Maharashtra 2189,FAQ,2150,2250,2200,04-Jan-20
Satara,Vaduj,Wheat,Maharashtra 2189,FAQ,2150,2250,2200,01-Jan-20
Satara,Vaduj,Wheat,Maharashtra 2189,FAQ,2150,2250,2200,28-Dec-19
Satara,Vaduj,Wheat,Maharashtra 2189,FAQ,2150,2250,2200,21-Dec-19
Satara,Vaduj,Wheat,Maharashtra 2189,FAQ,2150,2250,2200,18-Dec-19
Satara,Vaduj,Wheat,Maharashtra 2189,FAQ,2150,2250,2200,14-Dec-19
Satara,Vaduj,Wheat,Maharashtra 2189,FAQ,2150,2250,2200,11-Dec-19
Satara,Vaduj,Wheat,Maharashtra 2189,FAQ,2150,2250,2200,07-Dec-19
Satara,Vaduj,Wheat,Maharashtra 2189,FAQ,2150,2250,2200,04-Dec-19
Satara,Vaduj,Wheat,Maharashtra 2189,FAQ,2150,2250,2200,30-Nov-19
Satara,Vaduj,Wheat,Maharashtra 2189,FAQ,2000,2100,2050,27-Nov-19
Satara,Vaduj,Wheat,Maharashtra 2189,FAQ,2000,2100,2050,23-Nov-19
Satara,Vaduj,Wheat,Maharashtra 2189,FAQ,2000,2100,2050,20-Nov-19
Satara,Vaduj,Wheat,Maharashtra 2189,FAQ,2000,2100,2050,16-Nov-19
Satara,Vaduj,Wheat,Maharashtra 2189,FAQ,2000,2100,2050,13-Nov-19
Satara,Vaduj,Wheat,Maharashtra 2189,FAQ,2000,2100,2050,09-Nov-19
Satara,Vaduj,Wheat,Maharashtra 2189,FAQ,2000,2100,2050,06-Nov-19
Satara,Vaduj,Wheat,Maharashtra 2189,FAQ,2000,2100,2050,02-Nov-19
Satara,Vaduj,Wheat,Maharashtra 2189,FAQ,2000,2100,2050,26-Oct-19
Satara,Vaduj,Wheat,Maharashtra 2189,FAQ,2000,2100,2050,23-Oct-19
Satara,Vaduj,Wheat,Maharashtra 2189,FAQ,2000,2100,2050,19-Oct-19
Satara,Vaduj,Wheat,Maharashtra 2189,FAQ,2000,2200,2100,16-Oct-19
Satara,Vaduj,Wheat,Maharashtra 2189,FAQ,2000,2100,2050,12-Oct-19
Satara,Vaduj,Wheat,Maharashtra 2189,FAQ,2000,2100,2050,09-Oct-19
Satara,Vaduj,Wheat,Maharashtra 2189,FAQ,2000,2100,2050,05-Oct-19
Satara,Vaduj,Wheat,Maharashtra 2189,FAQ,2000,2100,2050,28-Sep-19
Satara,Vaduj,Wheat,Maharashtra 2189,FAQ,2000,2100,2050,21-Sep-19
Satara,Vaduj,Wheat,Maharashtra 2189,FAQ,2000,2100,2050,14-Sep-19
Satara,Vaduj,Wheat,Maharashtra 2189,FAQ,2000,2100,2050,07-Sep-19
Satara,Vaduj,Wheat,Maharashtra 2189,FAQ,2000,2100,2050,31-Aug-19
Satara,Vaduj,Wheat,Maharashtra 2189,FAQ,2000,2100,2050,24-Aug-19
Satara,Vaduj,Wheat,Maharashtra 2189,FAQ,2000,2100,2050,17-Aug-19
Satara,Vaduj,Wheat,Maharashtra 2189,FAQ,2000,2100,2050,10-Aug-19
Satara,Vaduj,Wheat,Maharashtra 2189,FAQ,2000,2100,2050,03-Aug-19
Satara,Vaduj,Wheat,Maharashtra 2189,FAQ,2000,2100,2050,27-Jul-19
Satara,Vaduj,Wheat,Maharashtra 2189,FAQ,2100,2200,2150,13-Jul-19
Satara,Vaduj,Wheat,Maharashtra 2189,FAQ,1800,2000,1900,15-Jun-19
Satara,Vaduj,Wheat,Maharashtra 2189,FAQ,1850,1950,1900,08-Jun-19
Satara,Vaduj,Wheat,Maharashtra 2189,FAQ,1850,1950,1900,01-Jun-19
Satara,Vaduj,Wheat,Maharashtra 2189,FAQ,1850,1950,1900,25-May-19
Satara,Vaduj,Wheat,Maharashtra 2189,FAQ,1850,1950,1900,22-May-19
Satara,Vaduj,Wheat,Maharashtra 2189,FAQ,1850,2050,1950,15-May-19
Satara,Vaduj,Wheat,Maharashtra 2189,FAQ,1850,2050,1950,11-May-19
Satara,Vaduj,Wheat,Maharashtra 2189,FAQ,1850,2050,1950,04-May-19
Satara,Vaduj,Wheat,Maharashtra 2189,FAQ,1850,2050,1950,27-Apr-19
Satara,Vaduj,Wheat,Maharashtra 2189,FAQ,1850,2050,1950,20-Apr-19
Satara,Vaduj,Wheat,Maharashtra 2189,FAQ,1850,2050,1950,13-Apr-19
Satara,Vaduj,Wheat,Maharashtra 2189,FAQ,1900,2000,1950,06-Apr-19
Satara,Vaduj,Wheat,Maharashtra 2189,FAQ,1900,2100,2000,03-Apr-19
Satara,Vaduj,Wheat,Maharashtra 2189,FAQ,1900,2100,2000,30-Mar-19
Satara,Vaduj,Wheat,Maharashtra 2189,FAQ,1900,2100,2000,27-Mar-19
Satara,Vaduj,Wheat,Maharashtra 2189,FAQ,1900,2100,2000,23-Mar-19
Satara,Vaduj,Wheat,Maharashtra 2189,FAQ,2000,2100,2050,20-Mar-19
Satara,Vaduj,Wheat,Maharashtra 2189,FAQ,2000,2100,2050,16-Mar-19
Satara,Vaduj,Wheat,Maharashtra 2189,FAQ,2000,2100,2050,13-Mar-19
Satara,Vaduj,Wheat,Maharashtra 2189,FAQ,2000,2100,2050,09-Mar-19
Satara,Vaduj,Wheat,Maharashtra 2189,FAQ,2100,2200,2150,06-Mar-19
Satara,Vaduj,Wheat,Maharashtra 2189,FAQ,2100,2200,2150,02-Mar-19
Satara,Vaduj,Wheat,Maharashtra 2189,FAQ,2000,2100,2050,23-Feb-19
Satara,Vaduj,Wheat,Maharashtra 2189,FAQ,2100,2200,2150,16-Feb-19
Satara,Vaduj,Wheat,Maharashtra 2189,FAQ,2200,2300,2250,09-Feb-19
Satara,Vaduj,Wheat,Maharashtra 2189,FAQ,2000,2100,2050,06-Feb-19
Satara,Vaduj,Wheat,Maharashtra 2189,FAQ,2000,2100,2050,02-Feb-19
Satara,Vaduj,Wheat,Maharashtra 2189,FAQ,2000,2100,2050,26-Jan-19
Satara,Vaduj,Wheat,Maharashtra 2189,FAQ,2000,2100,2050,19-Jan-19
Satara,Vaduj,Wheat,Maharashtra 2189,FAQ,1950,2050,2000,12-Jan-19
Satara,Vaduj,Wheat,Maharashtra 2189,FAQ,2000,2050,2025,05-Jan-19
Satara,Vaduj,Wheat,Maharashtra 2189,FAQ,2000,2050,2025,29-Dec-18
Satara,Vaduj,Wheat,Maharashtra 2189,FAQ,2000,2050,2025,22-Dec-18
Satara,Vaduj,Wheat,Maharashtra 2189,FAQ,2000,2050,2025,15-Dec-18
Satara,Vaduj,Wheat,Maharashtra 2189,FAQ,2000,2050,2025,08-Dec-18
Satara,Vaduj,Wheat,Maharashtra 2189,FAQ,1950,2000,1975,05-Dec-18
Satara,Vaduj,Wheat,Maharashtra 2189,FAQ,1950,2050,2000,01-Dec-18
Satara,Vaduj,Wheat,Maharashtra 2189,FAQ,1950,2000,1975,21-Nov-18
Satara,Vaduj,Wheat,Maharashtra 2189,FAQ,1950,2000,1975,17-Nov-18
Satara,Vaduj,Wheat,Maharashtra 2189,FAQ,1950,2000,1975,14-Nov-18
Satara,Vaduj,Wheat,Maharashtra 2189,FAQ,1950,2000,1975,10-Nov-18
Satara,Vaduj,Wheat,Maharashtra 2189,FAQ,1950,2000,1975,03-Nov-18
Satara,Vaduj,Wheat,Maharashtra 2189,FAQ,1900,2000,1950,31-Oct-18
Satara,Vaduj,Wheat,Maharashtra 2189,FAQ,1900,2000,1950,27-Oct-18
Satara,Vaduj,Wheat,Maharashtra 2189,FAQ,1900,2000,1950,24-Oct-18
Satara,Vaduj,Wheat,Maharashtra 2189,FAQ,1900,2000,1950,20-Oct-18
Satara,Vaduj,Wheat,Maharashtra 2189,FAQ,1900,2000,1950,10-Oct-18
Satara,Vaduj,Wheat,Maharashtra 2189,FAQ,1900,2000,1950,06-Oct-18
Satara,Vaduj,Wheat,Maharashtra 2189,FAQ,1900,2000,1950,03-Oct-18
Satara,Vaduj,Wheat,Maharashtra 2189,FAQ,1900,2000,1950,29-Sep-18
Satara,Vaduj,Wheat,Maharashtra 2189,FAQ,1900,2000,1950,22-Sep-18
Satara,Vaduj,Wheat,Maharashtra 2189,FAQ,1900,2000,1950,08-Sep-18
Satara,Vaduj,Wheat,Maharashtra 2189,FAQ,1900,2000,1950,05-Sep-18
Satara,Vaduj,Wheat,Maharashtra 2189,FAQ,1900,2000,1950,01-Sep-18
Satara,Vaduj,Wheat,Maharashtra 2189,FAQ,1900,2000,1950,25-Aug-18
Satara,Vaduj,Wheat,Maharashtra 2189,FAQ,1900,2000,1950,18-Aug-18
Satara,Vaduj,Wheat,Maharashtra 2189,FAQ,1900,2000,1950,11-Aug-18
Satara,Vaduj,Wheat,Maharashtra 2189,FAQ,1900,2000,1950,08-Aug-18
Satara,Vaduj,Wheat,Maharashtra 2189,FAQ,1900,2000,1950,04-Aug-18
Satara,Vaduj,Wheat,Maharashtra 2189,FAQ,1800,2000,1900,01-Aug-18
Satara,Vaduj,Wheat,Maharashtra 2189,FAQ,1800,2000,1900,28-Jul-18
Satara,Vaduj,Wheat,Maharashtra 2189,FAQ,1800,2000,1900,21-Jul-18
Satara,Vaduj,Wheat,Maharashtra 2189,FAQ,1800,2000,1900,14-Jul-18
Satara,Vaduj,Wheat,Maharashtra 2189,FAQ,1750,1950,1900,11-Jul-18
Satara,Vaduj,Wheat,Maharashtra 2189,FAQ,1750,1800,1775,07-Jul-18
Satara,Vaduj,Wheat,Maharashtra 2189,FAQ,1750,1850,1800,23-Jun-18
Satara,Vaduj,Wheat,Maharashtra 2189,FAQ,1740,1800,1760,16-Jun-18
Satara,Vaduj,Wheat,Maharashtra 2189,FAQ,1750,1800,1775,13-Jun-18
Satara,Vaduj,Wheat,Maharashtra 2189,FAQ,1750,1850,1800,09-Jun-18
Satara,Vaduj,Wheat,Maharashtra 2189,FAQ,1750,1800,1775,02-Jun-18
Satara,Vaduj,Wheat,Maharashtra 2189,FAQ,1750,1950,1850,30-May-18
Satara,Vaduj,Wheat,Maharashtra 2189,FAQ,1750,1800,1775,26-May-18
Satara,Vaduj,Wheat,Maharashtra 2189,FAQ,1750,1800,1775,23-May-18
Satara,Vaduj,Wheat,Maharashtra 2189,FAQ,1750,1850,1800,19-May-18
Satara,Vaduj,Wheat,Maharashtra 2189,FAQ,1750,1800,1775,16-May-18
Satara,Vaduj,Wheat,Maharashtra 2189,FAQ,1750,1800,1775,12-May-18
Satara,Vaduj,Wheat,Maharashtra 2189,FAQ,1750,1800,1775,09-May-18
Satara,Vaduj,Wheat,Maharashtra 2189,FAQ,1750,1850,1800,05-May-18
Satara,Vaduj,Wheat,Maharashtra 2189,FAQ,1750,1800,1775,02-May-18
Satara,Vaduj,Wheat,Maharashtra 2189,FAQ,1750,1800,1775,28-Apr-18
Satara,Vaduj,Wheat,Maharashtra 2189,FAQ,1750,1850,1800,25-Apr-18
Satara,Vaduj,Wheat,Maharashtra 2189,FAQ,1740,1800,1760,21-Apr-18
Satara,Vaduj,Wheat,Maharashtra 2189,FAQ,1750,1800,1775,14-Apr-18
Satara,Vaduj,Wheat,Maharashtra 2189,FAQ,1750,1950,1850,11-Apr-18
Satara,Vaduj,Wheat,Maharashtra 2189,FAQ,1750,1850,1800,07-Apr-18
Satara,Vaduj,Wheat,Maharashtra 2189,FAQ,1750,1800,1775,04-Apr-18
Satara,Vaduj,Wheat,Maharashtra 2189,FAQ,1740,1900,1800,31-Mar-18
Satara,Vaduj,Wheat,Maharashtra 2189,FAQ,1900,2000,1950,28-Mar-18
Satara,Vaduj,Wheat,Maharashtra 2189,FAQ,1900,2000,1950,24-Mar-18
Satara,Vaduj,Wheat,Maharashtra 2189,FAQ,1800,2000,1900,21-Mar-18
Satara,Vaduj,Wheat,Maharashtra 2189,FAQ,1800,2000,1900,17-Mar-18
Satara,Vaduj,Wheat,Maharashtra 2189,FAQ,1900,2000,1950,10-Mar-18
Satara,Vaduj,Wheat,Maharashtra 2189,FAQ,1900,2000,1950,07-Mar-18
Satara,Vaduj,Wheat,Maharashtra 2189,FAQ,1800,1900,1850,03-Mar-18
Satara,Vaduj,Wheat,Maharashtra 2189,FAQ,1900,2000,1950,28-Feb-18
Satara,Vaduj,Wheat,Maharashtra 2189,FAQ,1900,2000,1950,24-Feb-18
Satara,Vaduj,Wheat,Maharashtra 2189,FAQ,1750,1850,1800,21-Feb-18
Satara,Vaduj,Wheat,Maharashtra 2189,FAQ,1900,2000,1950,17-Feb-18
Satara,Vaduj,Wheat,Maharashtra 2189,FAQ,1750,1800,1775,10-Feb-18
Satara,Vaduj,Wheat,Maharashtra 2189,FAQ,1750,1800,1775,07-Feb-18
Satara,Vaduj,Wheat,Maharashtra 2189,FAQ,1750,1850,1800,03-Feb-18
Satara,Vaduj,Wheat,Maharashtra 2189,FAQ,1740,1780,1760,27-Jan-18
Satara,Vaduj,Wheat,Maharashtra 2189,FAQ,1750,1800,1775,20-Jan-18
Satara,Vaduj,Wheat,Maharashtra 2189,FAQ,1750,1800,1775,06-Jan-18
Satara,Vaduj,Wheat,Maharashtra 2189,FAQ,1750,1800,1775,30-Dec-17
Satara,Vaduj,Wheat,Maharashtra 2189,FAQ,1750,1800,1775,27-Dec-17
Satara,Vaduj,Wheat,Maharashtra 2189,FAQ,1750,1800,1775,23-Dec-17
Satara,Vaduj,Wheat,Maharashtra 2189,FAQ,1750,1800,1775,16-Dec-17
Satara,Vaduj,Wheat,Maharashtra 2189,FAQ,1750,1800,1775,09-Dec-17
Satara,Vaduj,Wheat,Maharashtra 2189,FAQ,1750,1800,1775,06-Dec-17
Satara,Vaduj,Wheat,Maharashtra 2189,FAQ,1750,1800,1775,02-Dec-17
Satara,Vaduj,Wheat,Maharashtra 2189,FAQ,1750,1800,1775,29-Nov-17
Satara,Vaduj,Wheat,Maharashtra 2189,FAQ,1750,1800,1775,25-Nov-17
Satara,Vaduj,Wheat,Maharashtra 2189,FAQ,1750,1800,1775,22-Nov-17
Satara,Vaduj,Wheat,Maharashtra 2189,FAQ,1750,1800,1750,18-Nov-17
Satara,Vaduj,Wheat,Maharashtra 2189,FAQ,1600,1700,1650,01-Nov-17
Satara,Vaduj,Wheat,Maharashtra 2189,FAQ,1700,1900,1800,28-Oct-17
Satara,Vaduj,Wheat,Maharashtra 2189,FAQ,1600,1700,1650,25-Oct-17
Satara,Vaduj,Wheat,Maharashtra 2189,FAQ,1600,1700,1650,21-Oct-17
Satara,Vaduj,Wheat,Maharashtra 2189,FAQ,1600,1700,1650,14-Oct-17
Satara,Vaduj,Wheat,Maharashtra 2189,FAQ,1600,1700,1650,11-Oct-17
Satara,Vaduj,Wheat,Maharashtra 2189,FAQ,1600,1700,1650,07-Oct-17
Satara,Vaduj,Wheat,Maharashtra 2189,FAQ,1700,1800,1750,04-Oct-17
Satara,Vaduj,Wheat,Maharashtra 2189,FAQ,1700,1800,1750,30-Sep-17
Satara,Vaduj,Wheat,Maharashtra 2189,FAQ,1700,1800,1750,27-Sep-17
Satara,Vaduj,Wheat,Maharashtra 2189,FAQ,1700,1800,1750,23-Sep-17
Satara,Vaduj,Wheat,Maharashtra 2189,FAQ,1700,1800,1750,20-Sep-17
Satara,Vaduj,Wheat,Maharashtra 2189,FAQ,1700,1800,1750,16-Sep-17
Satara,Vaduj,Wheat,Maharashtra 2189,FAQ,1700,1800,1750,13-Sep-17
Satara,Vaduj,Wheat,Maharashtra 2189,FAQ,1700,1800,1750,09-Sep-17
Satara,Vaduj,Wheat,Maharashtra 2189,FAQ,1700,1800,1750,06-Sep-17
Satara,Vaduj,Wheat,Maharashtra 2189,FAQ,1700,1800,1750,02-Sep-17
Satara,Vaduj,Wheat,Maharashtra 2189,FAQ,1700,1800,1750,30-Aug-17
Satara,Vaduj,Wheat,Maharashtra 2189,FAQ,1700,1800,1750,26-Aug-17
Satara,Vaduj,Wheat,Maharashtra 2189,FAQ,1700,1800,1750,23-Aug-17
Satara,Vaduj,Wheat,Maharashtra 2189,FAQ,1700,1800,1750,19-Aug-17
Satara,Vaduj,Wheat,Maharashtra 2189,FAQ,1700,1800,1750,16-Aug-17
Satara,Vaduj,Wheat,Maharashtra 2189,FAQ,1700,1800,1750,12-Aug-17
Satara,Vaduj,Wheat,Maharashtra 2189,FAQ,1700,1800,1750,09-Aug-17
Satara,Vaduj,Wheat,Maharashtra 2189,FAQ,1700,1800,1750,02-Aug-17
Satara,Vaduj,Wheat,Maharashtra 2189,FAQ,1700,1800,1750,29-Jul-17
Satara,Vaduj,Wheat,Maharashtra 2189,FAQ,1600,1700,1650,26-Jul-17
Satara,Vaduj,Wheat,Maharashtra 2189,FAQ,1600,1700,1650,22-Jul-17
Satara,Vaduj,Wheat,Maharashtra 2189,FAQ,1600,1700,1650,19-Jul-17
Satara,Vaduj,Wheat,Maharashtra 2189,FAQ,1600,1700,1650,15-Jul-17
Satara,Vaduj,Wheat,Maharashtra 2189,FAQ,1600,1700,1650,12-Jul-17
Satara,Vaduj,Wheat,Maharashtra 2189,FAQ,1600,1700,1650,08-Jul-17
Satara,Vaduj,Wheat,Maharashtra 2189,FAQ,1600,1700,1650,05-Jul-17
Satara,Vaduj,Wheat,Maharashtra 2189,FAQ,1600,1700,1650,01-Jul-17
Satara,Vaduj,Wheat,Maharashtra 2189,FAQ,1600,1700,1650,28-Jun-17
Satara,Vaduj,Wheat,Maharashtra 2189,FAQ,1600,1700,1650,24-Jun-17
Satara,Vaduj,Wheat,Maharashtra 2189,FAQ,1600,1700,1650,21-Jun-17
Satara,Vaduj,Wheat,Maharashtra 2189,FAQ,1600,1700,1650,17-Jun-17
Satara,Vaduj,Wheat,Maharashtra 2189,FAQ,1600,1700,1650,14-Jun-17
Satara,Vaduj,Wheat,Maharashtra 2189,FAQ,1600,1700,1650,10-Jun-17
Satara,Vaduj,Wheat,Maharashtra 2189,FAQ,1700,1900,1800,31-May-17
Satara,Vaduj,Wheat,Maharashtra 2189,FAQ,1700,1900,1800,27-May-17
Satara,Vaduj,Wheat,Maharashtra 2189,FAQ,1800,1900,1850,24-May-17
Satara,Vaduj,Wheat,Maharashtra 2189,FAQ,1800,1900,1850,20-May-17
Satara,Vaduj,Wheat,Maharashtra 2189,FAQ,1800,1900,1850,13-May-17
Satara,Vaduj,Wheat,Maharashtra 2189,FAQ,1700,1800,1750,06-May-17
Satara,Vaduj,Wheat,Maharashtra 2189,FAQ,1800,1900,1850,03-May-17
Satara,Vaduj,Wheat,Maharashtra 2189,FAQ,1800,1900,1850,29-Apr-17
Satara,Vaduj,Wheat,Maharashtra 2189,FAQ,1900,2000,1950,26-Apr-17
Satara,Vaduj,Wheat,Maharashtra 2189,FAQ,1900,2000,1950,22-Apr-17
Satara,Vaduj,Wheat,Maharashtra 2189,FAQ,1600,1700,1650,19-Apr-17
Satara,Vaduj,Wheat,Maharashtra 2189,FAQ,1600,1700,1650,15-Apr-17
Satara,Vaduj,Wheat,Maharashtra 2189,FAQ,1600,1700,1650,12-Apr-17
Satara,Vaduj,Wheat,Maharashtra 2189,FAQ,1600,1700,1650,08-Apr-17
Satara,Vaduj,Wheat,Maharashtra 2189,FAQ,1600,1700,1650,05-Apr-17
Satara,Vaduj,Wheat,Maharashtra 2189,FAQ,1700,1800,1750,01-Apr-17
Satara,Vaduj,Wheat,Maharashtra 2189,FAQ,1600,1700,1650,29-Mar-17
Satara,Vaduj,Wheat,Maharashtra 2189,FAQ,1600,1700,1650,25-Mar-17
Satara,Vaduj,Wheat,Maharashtra 2189,FAQ,1700,1800,1750,18-Mar-17
Satara,Vaduj,Wheat,Maharashtra 2189,FAQ,1650,1750,1700,11-Mar-17
Satara,Vaduj,Wheat,Maharashtra 2189,FAQ,1600,1700,1650,04-Mar-17
Satara,Vaduj,Wheat,Maharashtra 2189,FAQ,1700,1800,1750,18-Feb-17
Satara,Vaduj,Wheat,Maharashtra 2189,FAQ,1700,1800,1750,11-Feb-17
Satara,Vaduj,Wheat,Maharashtra 2189,FAQ,1700,1800,1750,04-Feb-17
Satara,Vaduj,Wheat,Maharashtra 2189,FAQ,1800,1900,1850,01-Feb-17
Satara,Vaduj,Wheat,Maharashtra 2189,FAQ,1800,1900,1850,28-Jan-17
Satara,Vaduj,Wheat,Maharashtra 2189,FAQ,1800,2000,1900,14-Jan-17
Satara,Vaduj,Wheat,Maharashtra 2189,FAQ,1800,2000,1900,11-Jan-17
Satara,Vaduj,Wheat,Maharashtra 2189,FAQ,1800,2000,1900,07-Jan-17
Satara,Vaduj,Wheat,Maharashtra 2189,FAQ,1900,2000,1950,04-Jan-17
Satara,Vaduj,Wheat,Maharashtra 2189,FAQ,1900,2000,1950,31-Dec-16
Satara,Vaduj,Wheat,Maharashtra 2189,FAQ,1900,2000,1950,28-Dec-16
Satara,Vaduj,Wheat,Maharashtra 2189,FAQ,1900,2000,1950,24-Dec-16
Satara,Vaduj,Wheat,Maharashtra 2189,FAQ,1700,1900,1800,21-Dec-16
Satara,Vaduj,Wheat,Maharashtra 2189,FAQ,1700,1900,1800,17-Dec-16
Satara,Vaduj,Wheat,Maharashtra 2189,FAQ,2000,2200,2100,14-Dec-16
Satara,Vaduj,Wheat,Maharashtra 2189,FAQ,2000,2200,2100,10-Dec-16
Satara,Vaduj,Wheat,Maharashtra 2189,FAQ,1800,2000,1900,07-Dec-16
Satara,Vaduj,Wheat,Maharashtra 2189,FAQ,1800,2000,1900,03-Dec-16
Satara,Vaduj,Wheat,Maharashtra 2189,FAQ,1900,2100,2000,30-Nov-16
Satara,Vaduj,Wheat,Maharashtra 2189,FAQ,1900,2000,1950,26-Nov-16
Satara,Vaduj,Wheat,Maharashtra 2189,FAQ,1900,2100,2000,23-Nov-16
Satara,Vaduj,Wheat,Maharashtra 2189,FAQ,2000,2100,2050,19-Nov-16
Satara,Vaduj,Wheat,Maharashtra 2189,FAQ,1900,2100,2000,16-Nov-16
Satara,Vaduj,Wheat,Maharashtra 2189,FAQ,1900,2100,2000,12-Nov-16
Satara,Vaduj,Wheat,Maharashtra 2189,FAQ,1700,1900,1800,09-Nov-16
Satara,Vaduj,Wheat,Maharashtra 2189,FAQ,1700,1800,1750,05-Nov-16
Satara,Vaduj,Wheat,Maharashtra 2189,FAQ,1700,1800,1750,02-Nov-16
Satara,Vaduj,Wheat,Maharashtra 2189,FAQ,1700,1800,1750,29-Oct-16
Satara,Vaduj,Wheat,Maharashtra 2189,FAQ,1700,1800,1750,26-Oct-16
Satara,Vaduj,Wheat,Maharashtra 2189,FAQ,1700,1800,1750,22-Oct-16
Satara,Vaduj,Wheat,Maharashtra 2189,FAQ,1700,1800,1750,19-Oct-16
Satara,Vaduj,Wheat,Maharashtra 2189,FAQ,1700,1800,1750,15-Oct-16
Satara,Vaduj,Wheat,Maharashtra 2189,FAQ,1650,1750,1700,12-Oct-16
Satara,Vaduj,Wheat,Maharashtra 2189,FAQ,1650,1750,1700,08-Oct-16
Satara,Vaduj,Wheat,Maharashtra 2189,FAQ,1700,1800,1750,05-Oct-16
Satara,Vaduj,Wheat,Maharashtra 2189,FAQ,1650,1750,1700,01-Oct-16
Satara,Vaduj,Wheat,Maharashtra 2189,FAQ,1700,1800,1750,28-Sep-16
Satara,Vaduj,Wheat,Maharashtra 2189,FAQ,1700,1800,1750,24-Sep-16
Satara,Vaduj,Wheat,Maharashtra 2189,FAQ,1700,1800,1750,17-Sep-16
Satara,Vaduj,Wheat,Maharashtra 2189,FAQ,1700,1800,1750,14-Sep-16
Satara,Vaduj,Wheat,Maharashtra 2189,FAQ,1700,1900,1800,10-Sep-16
Satara,Vaduj,Wheat,Maharashtra 2189,FAQ,1700,1800,1750,07-Sep-16
Satara,Vaduj,Wheat,Maharashtra 2189,FAQ,1700,1800,1750,03-Sep-16
Satara,Vaduj,Wheat,Maharashtra 2189,FAQ,1700,1800,1750,31-Aug-16
Satara,Vaduj,Wheat,Maharashtra 2189,FAQ,1700,1800,1750,27-Aug-16
Satara,Vaduj,Wheat,Maharashtra 2189,FAQ,1700,1900,1800,24-Aug-16
Satara,Vaduj,Wheat,Maharashtra 2189,FAQ,1700,1900,1800,20-Aug-16
Satara,Vaduj,Wheat,Maharashtra 2189,FAQ,1700,1800,1750,17-Aug-16
Satara,Vaduj,Wheat,Maharashtra 2189,FAQ,1700,1800,1750,13-Aug-16
Satara,Vaduj,Wheat,Maharashtra 2189,FAQ,1700,1800,1750,10-Aug-16
Satara,Vaduj,Wheat,Maharashtra 2189,FAQ,1700,1900,1800,06-Aug-16
Satara,Vaduj,Wheat,Maharashtra 2189,FAQ,1700,1800,1750,03-Aug-16
Satara,Vaduj,Wheat,Maharashtra 2189,FAQ,1700,1800,1750,30-Jul-16
Satara,Vaduj,Wheat,Maharashtra 2189,FAQ,1700,1800,1750,27-Jul-16
Satara,Vaduj,Wheat,Maharashtra 2189,FAQ,1700,1800,1750,23-Jul-16
Satara,Vaduj,Wheat,Maharashtra 2189,FAQ,1700,1800,1750,20-Jul-16
Satara,Vaduj,Wheat,Maharashtra 2189,FAQ,1700,1800,1750,16-Jul-16
Satara,Vaduj,Wheat,Maharashtra 2189,FAQ,1700,1900,1800,13-Jul-16
Satara,Vaduj,Wheat,Maharashtra 2189,FAQ,1700,1800,1750,09-Jul-16
Satara,Vaduj,Wheat,Maharashtra 2189,FAQ,1700,1900,1800,06-Jul-16
Satara,Vaduj,Wheat,Maharashtra 2189,FAQ,1700,1900,1800,02-Jul-16
Satara,Vaduj,Wheat,Maharashtra 2189,FAQ,1700,1900,1800,29-Jun-16
Satara,Vaduj,Wheat,Maharashtra 2189,FAQ,1700,1900,1800,25-Jun-16
Satara,Vaduj,Wheat,Maharashtra 2189,FAQ,1800,2000,1900,22-Jun-16
Satara,Vaduj,Wheat,Maharashtra 2189,FAQ,1700,1900,1800,18-Jun-16
Satara,Vaduj,Wheat,Maharashtra 2189,FAQ,1800,1900,1850,15-Jun-16
Satara,Vaduj,Wheat,Maharashtra 2189,FAQ,1700,1900,1800,11-Jun-16
Satara,Vaduj,Wheat,Maharashtra 2189,FAQ,1800,2000,1900,08-Jun-16
Satara,Vaduj,Wheat,Maharashtra 2189,FAQ,1800,2000,1900,04-Jun-16
Satara,Vaduj,Wheat,Maharashtra 2189,FAQ,1800,2000,1900,01-Jun-16
Satara,Vaduj,Wheat,Maharashtra 2189,FAQ,1800,2000,1900,28-May-16
Satara,Vaduj,Wheat,Maharashtra 2189,FAQ,1800,1900,1850,25-May-16
Satara,Vaduj,Wheat,Maharashtra 2189,FAQ,1800,2000,1900,21-May-16
Satara,Vaduj,Wheat,Maharashtra 2189,FAQ,1800,2000,1900,18-May-16
Satara,Vaduj,Wheat,Maharashtra 2189,FAQ,1800,2000,1900,14-May-16
Satara,Vaduj,Wheat,Maharashtra 2189,FAQ,1800,2000,1900,11-May-16
Satara,Vaduj,Wheat,Maharashtra 2189,FAQ,1800,2000,1900,07-May-16
Satara,Vaduj,Wheat,Maharashtra 2189,FAQ,1800,2000,1900,04-May-16
Satara,Vaduj,Wheat,Maharashtra 2189,FAQ,1800,1900,1850,30-Apr-16
Satara,Vaduj,Wheat,Maharashtra 2189,FAQ,1800,1900,1850,27-Apr-16
Satara,Vaduj,Wheat,Maharashtra 2189,FAQ,1800,2000,1900,23-Apr-16
Satara,Vaduj,Wheat,Maharashtra 2189,FAQ,1700,1900,1800,16-Apr-16
Satara,Vaduj,Wheat,Maharashtra 2189,FAQ,1800,2000,1900,13-Apr-16
Satara,Vaduj,Wheat,Maharashtra 2189,FAQ,1600,1800,1700,09-Apr-16
Satara,Vaduj,Wheat,Maharashtra 2189,FAQ,1800,2000,1900,06-Apr-16
Satara,Vaduj,Wheat,Maharashtra 2189,FAQ,1800,2000,1900,02-Apr-16
Satara,Vaduj,Wheat,Maharashtra 2189,FAQ,1800,2000,1900,30-Mar-16
Satara,Vaduj,Wheat,Maharashtra 2189,FAQ,1800,2000,1900,26-Mar-16
Satara,Vaduj,Wheat,Maharashtra 2189,FAQ,1800,2000,1900,23-Mar-16
Satara,Vaduj,Wheat,Maharashtra 2189,FAQ,1800,2000,1900,19-Mar-16
Satara,Vaduj,Wheat,Maharashtra 2189,FAQ,1800,2000,1900,16-Mar-16
Satara,Vaduj,Wheat,Maharashtra 2189,FAQ,1600,1800,1700,12-Mar-16
Satara,Vaduj,Wheat,Maharashtra 2189,FAQ,1800,2000,1900,09-Mar-16
Satara,Vaduj,Wheat,Maharashtra 2189,FAQ,1800,2000,1900,05-Mar-16
Satara,Vaduj,Wheat,Maharashtra 2189,FAQ,1600,1700,1650,02-Mar-16
Satara,Vaduj,Wheat,Maharashtra 2189,FAQ,1600,1800,1700,27-Feb-16
Satara,Vaduj,Wheat,Maharashtra 2189,FAQ,1600,1800,1700,24-Feb-16
Satara,Vaduj,Wheat,Maharashtra 2189,FAQ,1600,1800,1700,20-Feb-16
Satara,Vaduj,Wheat,Maharashtra 2189,FAQ,1600,1800,1700,17-Feb-16
Satara,Vaduj,Wheat,Maharashtra 2189,FAQ,1600,1800,1700,13-Feb-16
Satara,Vaduj,Wheat,Maharashtra 2189,FAQ,1700,1800,1750,10-Feb-16
Satara,Vaduj,Wheat,Maharashtra 2189,FAQ,1700,1800,1750,06-Feb-16
Satara,Vaduj,Wheat,Maharashtra 2189,FAQ,1700,1900,1800,03-Feb-16
Satara,Vaduj,Wheat,Maharashtra 2189,FAQ,1700,1800,1750,30-Jan-16
Satara,Vaduj,Wheat,Maharashtra 2189,FAQ,1700,1800,1750,27-Jan-16
Satara,Vaduj,Wheat,Maharashtra 2189,FAQ,1700,1800,1750,23-Jan-16
Satara,Vaduj,Wheat,Maharashtra 2189,FAQ,1600,1700,1650,20-Jan-16
Satara,Vaduj,Wheat,Maharashtra 2189,FAQ,1600,1700,1650,16-Jan-16
Satara,Vaduj,Wheat,Maharashtra 2189,FAQ,1600,1700,1650,13-Jan-16
Satara,Vaduj,Wheat,Maharashtra 2189,FAQ,1600,1700,1650,09-Jan-16
Satara,Vaduj,Wheat,Maharashtra 2189,FAQ,1600,1700,1650,06-Jan-16
Satara,Vaduj,Wheat,Maharashtra 2189,FAQ,1600,1700,1650,02-Jan-16
Satara,Vaduj,Wheat,Maharashtra 2189,FAQ,1700,1800,1750,30-Dec-15
Satara,Vaduj,Wheat,Maharashtra 2189,FAQ,1700,1800,1750,26-Dec-15
Satara,Vaduj,Wheat,Maharashtra 2189,FAQ,1700,1800,1750,23-Dec-15
Satara,Vaduj,Wheat,Maharashtra 2189,FAQ,1700,1800,1750,19-Dec-15
Satara,Vaduj,Wheat,Maharashtra 2189,FAQ,1500,1600,1550,16-Dec-15
Satara,Vaduj,Wheat,Maharashtra 2189,FAQ,1500,1600,1550,12-Dec-15
Satara,Vaduj,Wheat,Maharashtra 2189,FAQ,1500,1600,1550,09-Dec-15
Satara,Vaduj,Wheat,Maharashtra 2189,FAQ,1500,1700,1600,05-Dec-15
Satara,Vaduj,Wheat,Maharashtra 2189,FAQ,1500,1600,1550,02-Dec-15
Satara,Vaduj,Wheat,Maharashtra 2189,FAQ,1500,1600,1550,28-Nov-15
Satara,Vaduj,Wheat,Maharashtra 2189,FAQ,1500,1600,1550,25-Nov-15
Satara,Vaduj,Wheat,Maharashtra 2189,FAQ,1550,1850,1750,08-Aug-15
Satara,Vaduj,Wheat,Maharashtra 2189,FAQ,1400,1600,1500,23-May-15
Satara,Vaduj,Wheat,Maharashtra 2189,FAQ,1400,1600,1500,20-May-15
Satara,Vaduj,Wheat,Maharashtra 2189,FAQ,1500,1700,1600,16-May-15
Satara,Vaduj,Wheat,Maharashtra 2189,FAQ,1500,1700,1600,13-May-15
Satara,Vaduj,Wheat,Maharashtra 2189,FAQ,1500,1700,1600,09-May-15
Satara,Vaduj,Wheat,Maharashtra 2189,FAQ,1500,1700,1600,06-May-15
Satara,Vaduj,Wheat,Maharashtra 2189,FAQ,1500,1700,1600,02-May-15
Satara,Vaduj,Wheat,Maharashtra 2189,FAQ,1600,1800,1700,29-Apr-15
Satara,Vaduj,Wheat,Maharashtra 2189,FAQ,1600,1800,1700,25-Apr-15
Satara,Vaduj,Wheat,Maharashtra 2189,FAQ,1600,1800,1700,22-Apr-15
Satara,Vaduj,Wheat,Maharashtra 2189,FAQ,1600,1800,1700,18-Apr-15
Satara,Vaduj,Wheat,Maharashtra 2189,FAQ,1600,1800,1700,15-Apr-15
Satara,Vaduj,Wheat,Maharashtra 2189,FAQ,1600,1800,1700,11-Apr-15
Satara,Vaduj,Wheat,Maharashtra 2189,FAQ,1600,1800,1700,08-Apr-15
Satara,Vaduj,Wheat,Maharashtra 2189,FAQ,1600,1800,1700,04-Apr-15
Satara,Vaduj,Wheat,Maharashtra 2189,FAQ,1600,1800,1700,01-Apr-15
Satara,Vaduj,Wheat,Maharashtra 2189,FAQ,2000,2100,2050,28-Mar-15
Satara,Vaduj,Wheat,Maharashtra 2189,FAQ,1900,2100,2000,25-Mar-15
Satara,Vaduj,Wheat,Maharashtra 2189,FAQ,1500,1700,1600,21-Mar-15
Satara,Vaduj,Wheat,Maharashtra 2189,FAQ,1500,1700,1600,18-Mar-15
Satara,Vaduj,Wheat,Maharashtra 2189,FAQ,1500,1700,1600,14-Mar-15
Satara,Vaduj,Wheat,Maharashtra 2189,FAQ,1500,1700,1600,11-Mar-15
Satara,Vaduj,Wheat,Maharashtra 2189,FAQ,2000,2200,2100,07-Mar-15
Satara,Vaduj,Wheat,Maharashtra 2189,FAQ,2000,2200,2100,04-Mar-15
Satara,Vaduj,Wheat,Maharashtra 2189,FAQ,2000,2200,2100,28-Feb-15
Satara,Vaduj,Wheat,Maharashtra 2189,FAQ,2000,2200,2100,25-Feb-15
Satara,Vaduj,Wheat,Maharashtra 2189,FAQ,2000,2200,2100,21-Feb-15
Satara,Vaduj,Wheat,Maharashtra 2189,FAQ,2000,2200,2100,18-Feb-15
Satara,Vaduj,Wheat,Maharashtra 2189,FAQ,2000,2100,2050,14-Feb-15
Satara,Vaduj,Wheat,Maharashtra 2189,FAQ,2000,2100,2050,11-Feb-15
Satara,Vaduj,Wheat,Maharashtra 2189,FAQ,2000,2100,2050,07-Feb-15
Satara,Vaduj,Wheat,Maharashtra 2189,FAQ,2000,2100,2050,04-Feb-15
Satara,Vaduj,Wheat,Maharashtra 2189,FAQ,1400,1600,1500,24-Mar-12
Satara,Vaduj,Wheat,Maharashtra 2189,FAQ,1400,1600,1450,21-Mar-12
Satara,Vaduj,Wheat,Maharashtra 2189,FAQ,1400,1500,1450,11-Feb-12
Satara,Vaduj,Wheat,Maharashtra 2189,FAQ,1300,1400,1350,07-Jan-12
Satara,Vaduj,Wheat,Maharashtra 2189,FAQ,1300,1400,1350,04-Jan-12
Satara,Vaduj,Wheat,Maharashtra 2189,FAQ,1400,1600,1500,31-Dec-11
Satara,Vaduj,Wheat,Maharashtra 2189,FAQ,1400,1500,1450,21-Dec-11
Satara,Vaduj,Wheat,Maharashtra 2189,FAQ,1400,1500,1450,17-Dec-11
Satara,Vaduj,Wheat,Maharashtra 2189,FAQ,1400,1500,1450,14-Dec-11
Satara,Vaduj,Wheat,Maharashtra 2189,FAQ,1300,1400,1350,03-Dec-11
Satara,Vaduj,Wheat,Maharashtra 2189,FAQ,1300,1400,1350,30-Nov-11
Satara,Vaduj,Wheat,Maharashtra 2189,FAQ,1200,1400,1300,12-Nov-11
Satara,Vaduj,Wheat,Maharashtra 2189,FAQ,1200,1400,1300,09-Nov-11
Satara,Vaduj,Wheat,Maharashtra 2189,FAQ,1300,1500,1400,05-Nov-11
Satara,Vaduj,Wheat,Maharashtra 2189,FAQ,1300,1500,1400,02-Nov-11
Satara,Vaduj,Wheat,Maharashtra 2189,FAQ,1300,1400,1350,01-Oct-11
Satara,Vaduj,Wheat,Maharashtra 2189,FAQ,1400,1500,1450,28-Sep-11
Satara,Vaduj,Wheat,Maharashtra 2189,FAQ,1400,1600,1500,24-Sep-11
Satara,Vaduj,Wheat,Maharashtra 2189,FAQ,1300,1400,1350,17-Sep-11
Satara,Vaduj,Wheat,Maharashtra 2189,FAQ,1300,1400,1350,14-Sep-11
Satara,Vaduj,Wheat,Maharashtra 2189,FAQ,1300,1400,1350,10-Sep-11
Satara,Vaduj,Wheat,Maharashtra 2189,FAQ,1300,1400,1350,07-Sep-11
Satara,Vaduj,Wheat,Maharashtra 2189,FAQ,1300,1400,1350,27-Aug-11
Satara,Vaduj,Wheat,Maharashtra 2189,FAQ,1300,1400,1350,24-Aug-11
Satara,Vaduj,Wheat,Maharashtra 2189,FAQ,1300,1400,1350,20-Aug-11
Satara,Vaduj,Wheat,Maharashtra 2189,FAQ,1300,1400,1350,17-Aug-11
Satara,Vaduj,Wheat,Maharashtra 2189,FAQ,1300,1400,1350,13-Aug-11
Satara,Vaduj,Wheat,Maharashtra 2189,FAQ,1300,1400,1350,10-Aug-11
Satara,Vaduj,Wheat,Maharashtra 2189,FAQ,1200,1400,1300,06-Aug-11
Satara,Vaduj,Wheat,Maharashtra 2189,FAQ,1200,1400,1300,03-Aug-11
Satara,Vaduj,Wheat,Maharashtra 2189,FAQ,1440,1550,1500,30-Jul-11
Satara,Vaduj,Wheat,Maharashtra 2189,FAQ,1450,1550,1500,27-Jul-11
Satara,Vaduj,Wheat,Maharashtra 2189,FAQ,1400,1500,1450,23-Jul-11
Satara,Vaduj,Wheat,Maharashtra 2189,FAQ,1300,1400,1350,20-Jul-11
Satara,Vaduj,Wheat,Maharashtra 2189,FAQ,1200,1400,1300,16-Jul-11
Satara,Vaduj,Wheat,Maharashtra 2189,FAQ,1200,1400,1300,13-Jul-11
Satara,Vaduj,Wheat,Maharashtra 2189,FAQ,1300,1400,1350,09-Jul-11
Satara,Vaduj,Wheat,Maharashtra 2189,FAQ,1300,1400,1350,06-Jul-11
Satara,Vaduj,Wheat,Maharashtra 2189,FAQ,1300,1500,1400,02-Jul-11
Satara,Vaduj,Wheat,Maharashtra 2189,FAQ,1400,1500,1450,29-Jun-11
Satara,Vaduj,Wheat,Maharashtra 2189,FAQ,1300,1500,1400,25-Jun-11
Satara,Vaduj,Wheat,Maharashtra 2189,FAQ,1400,1500,1450,22-Jun-11
Satara,Vaduj,Wheat,Maharashtra 2189,FAQ,1400,1500,1450,18-Jun-11
Satara,Vaduj,Wheat,Maharashtra 2189,FAQ,1400,1500,1450,15-Jun-11
Satara,Vaduj,Wheat,Maharashtra 2189,FAQ,1400,1500,1450,11-Jun-11
Satara,Vaduj,Wheat,Maharashtra 2189,FAQ,1300,1400,1350,08-Jun-11
Satara,Vaduj,Wheat,Maharashtra 2189,FAQ,1400,1500,1450,04-Jun-11
Satara,Vaduj,Wheat,Maharashtra 2189,FAQ,1400,1500,1450,01-Jun-11
Satara,Vaduj,Wheat,Maharashtra 2189,FAQ,1400,1500,1450,28-May-11
Satara,Vaduj,Wheat,Maharashtra 2189,FAQ,1300,1500,1400,25-May-11
Satara,Vaduj,Wheat,Maharashtra 2189,FAQ,1300,1400,1350,21-May-11
Satara,Vaduj,Wheat,Maharashtra 2189,FAQ,1400,1500,1450,18-May-11
Satara,Vaduj,Wheat,Maharashtra 2189,FAQ,1400,1500,1450,14-May-11
Satara,Vaduj,Wheat,Maharashtra 2189,FAQ,1300,1500,1400,11-May-11
Satara,Vaduj,Wheat,Maharashtra 2189,FAQ,1400,1500,1450,07-May-11
Satara,Vaduj,Wheat,Maharashtra 2189,FAQ,1400,1600,1500,04-May-11
Satara,Vaduj,Wheat,Maharashtra 2189,FAQ,1400,1600,1500,30-Apr-11
Satara,Vaduj,Wheat,Maharashtra 2189,FAQ,1450,1550,1500,27-Apr-11
Satara,Vaduj,Wheat,Maharashtra 2189,FAQ,1400,1500,1450,23-Apr-11
Satara,Vaduj,Wheat,Maharashtra 2189,FAQ,1400,1600,1500,16-Apr-11
Satara,Vaduj,Wheat,Maharashtra 2189,FAQ,1400,1600,1500,13-Apr-11
Satara,Vaduj,Wheat,Maharashtra 2189,FAQ,1400,1600,1500,11-Apr-11
Satara,Vaduj,Wheat,Maharashtra 2189,FAQ,1400,1600,1500,09-Apr-11
Satara,Vaduj,Wheat,Maharashtra 2189,FAQ,1400,1500,1450,06-Apr-11
Satara,Vaduj,Wheat,Maharashtra 2189,FAQ,1350,1450,1400,02-Apr-11
Satara,Vaduj,Wheat,Maharashtra 2189,FAQ,1300,1400,1350,30-Mar-11
Satara,Vaduj,Wheat,Maharashtra 2189,FAQ,1400,1500,1450,26-Mar-11
Satara,Vaduj,Wheat,Maharashtra 2189,FAQ,1300,1400,1350,23-Mar-11
Satara,Vaduj,Wheat,Maharashtra 2189,FAQ,1300,1400,1350,19-Mar-11
Satara,Vaduj,Wheat,Maharashtra 2189,FAQ,1300,1400,1350,16-Mar-11
Satara,Vaduj,Wheat,Maharashtra 2189,FAQ,1300,1400,1350,12-Mar-11
Satara,Vaduj,Wheat,Maharashtra 2189,FAQ,1400,1500,1450,09-Mar-11
Satara,Vaduj,Wheat,Maharashtra 2189,FAQ,1400,1500,1450,05-Mar-11
Satara,Vaduj,Wheat,Maharashtra 2189,FAQ,1400,1500,1450,12-Feb-11
Satara,Vaduj,Wheat,Maharashtra 2189,FAQ,1450,1550,1500,09-Feb-11
Satara,Vaduj,Wheat,Maharashtra 2189,FAQ,1400,1500,1450,05-Feb-11
Satara,Vaduj,Wheat,Maharashtra 2189,FAQ,1300,1500,1400,02-Feb-11
Satara,Vaduj,Wheat,Maharashtra 2189,FAQ,1400,1500,1450,22-Jan-11
Satara,Vaduj,Wheat,Maharashtra 2189,FAQ,1400,1500,1450,19-Jan-11
Satara,Vaduj,Wheat,Maharashtra 2189,FAQ,1300,1400,1350,15-Jan-11
Satara,Vaduj,Wheat,Maharashtra 2189,FAQ,1400,1500,1450,12-Jan-11
Satara,Vaduj,Wheat,Maharashtra 2189,FAQ,1400,1500,1450,08-Jan-11
Satara,Vaduj,Wheat,Maharashtra 2189,FAQ,1400,1500,1450,05-Jan-11
Satara,Vaduj,Wheat,Maharashtra 2189,FAQ,1400,1500,1450,01-Jan-11
Satara,Vaduj,Wheat,Maharashtra 2189,FAQ,1400,1500,1450,25-Dec-10
Satara,Vaduj,Wheat,Maharashtra 2189,FAQ,1400,1500,1450,22-Dec-10
Satara,Vaduj,Wheat,Maharashtra 2189,FAQ,1400,1500,1450,18-Dec-10
Satara,Vaduj,Wheat,Maharashtra 2189,FAQ,1400,1500,1450,15-Dec-10
Satara,Vaduj,Wheat,Maharashtra 2189,FAQ,1400,1500,1450,11-Dec-10
Satara,Vaduj,Wheat,Maharashtra 2189,FAQ,1400,1500,1450,08-Dec-10
Satara,Vaduj,Wheat,Maharashtra 2189,FAQ,1400,1500,1450,04-Dec-10
Satara,Vaduj,Wheat,Maharashtra 2189,FAQ,1400,1500,1450,01-Dec-10
Satara,Vaduj,Wheat,Maharashtra 2189,FAQ,1400,1500,1450,27-Nov-10
Satara,Vaduj,Wheat,Maharashtra 2189,FAQ,1400,1500,1450,25-Nov-10
Satara,Vaduj,Wheat,Maharashtra 2189,FAQ,1500,1600,1550,24-Nov-10
Satara,Vaduj,Wheat,Maharashtra 2189,FAQ,1400,1600,1500,20-Nov-10
Satara,Vaduj,Wheat,Maharashtra 2189,FAQ,1400,1500,1450,17-Nov-10
Satara,Vaduj,Wheat,Maharashtra 2189,FAQ,1400,1500,1450,13-Nov-10
Satara,Vaduj,Wheat,Maharashtra 2189,FAQ,1400,1500,1450,06-Nov-10
Satara,Vaduj,Wheat,Maharashtra 2189,FAQ,1400,1500,1450,03-Nov-10
Satara,Vaduj,Wheat,Maharashtra 2189,FAQ,1400,1500,1450,30-Oct-10
Satara,Vaduj,Wheat,Maharashtra 2189,FAQ,1350,1450,1400,27-Oct-10
Satara,Vaduj,Wheat,Maharashtra 2189,FAQ,1350,1450,1400,23-Oct-10
Satara,Vaduj,Wheat,Maharashtra 2189,FAQ,1400,1500,1450,20-Oct-10
